io_ratio,profile,taxonomy,service_id,rank,topsis_score
0.1,cost_first,tool.productivity.spreadsheet,google/sheets-api@v4,1,1.0
0.1,cost_first,tool.productivity.spreadsheet,airtable/api@v1,2,0.0
0.1,cost_first,ai.llm.chat,minimax/m2.7@2.7,1,0.9469
0.1,cost_first,ai.llm.chat,deepseek/deepseek-v4-flash@4.0,2,0.9096
0.1,cost_first,ai.llm.chat,zhipu/glm-5@5.0,3,0.8558
0.1,cost_first,ai.llm.chat,moonshot/kimi-k2.5@2.5,4,0.8445
0.1,cost_first,ai.llm.chat,qwen/qwen3-max@3.0,5,0.8435
0.1,cost_first,ai.llm.chat,google/gemini-2.5-pro@2.5,6,0.3541
0.1,cost_first,ai.llm.chat,openai/gpt-4o@2024-11-20,7,0.3515
0.1,cost_first,ai.llm.chat,anthropic/claude-sonnet-4@4.0,8,0.1017
0.1,cost_first,ai.vision.image_generation,black-forest-labs/flux-1.1-pro@1.1,1,0.9953
0.1,cost_first,ai.vision.image_generation,google/imagen-3@3.0,2,0.2891
0.1,cost_first,ai.vision.image_generation,openai/dall-e-3@3.0,3,0.0047
0.1,cost_first,tool.automation.browser,steel/browser@v1,1,0.9991
0.1,cost_first,tool.automation.browser,browserbase/api@v1,2,0.0009
0.1,cost_first,tool.devops.ci,circleci/cloud@v2,1,0.6864
0.1,cost_first,tool.devops.ci,github/actions@v2,2,0.3136
0.1,cost_first,ai.code.completion,github/copilot@v1,1,1.0
0.1,cost_first,ai.code.completion,cursor/editor@v1,2,0.0
0.1,cost_first,ai.audio.stt,deepgram/nova@v2,1,1.0
0.1,cost_first,ai.audio.stt,openai/whisper@v1,2,0.0
0.1,cost_first,ai.nlp.translation,google/translate@v3,1,1.0
0.1,cost_first,ai.nlp.translation,deepl/translate@v2,2,0.0
0.1,cost_first,tool.communication.chat,discord/api@v10,1,0.9955
0.1,cost_first,tool.communication.chat,slack/web-api@v2,2,0.0045
0.1,cost_first,ai.audio.tts,openai/tts-1@1.0,1,0.9414
0.1,cost_first,ai.audio.tts,elevenlabs/tts-v2@2.0,2,0.0586
0.1,cost_first,tool.data.search,tavily/search-api@v1,1,0.9436
0.1,cost_first,tool.data.search,exa/search-api@v1,2,0.0564
0.1,cost_first,tool.data.scraping,jina/reader@v1,1,0.9999
0.1,cost_first,tool.data.scraping,firecrawl/scrape@v1,2,0.0001
0.1,cost_first,tool.devops.deployment,vercel/platform@v1,1,1.0
0.1,cost_first,tool.devops.deployment,fly/machines@v1,2,0.0
0.1,cost_first,tool.productivity.todo,todoist/api@v2,1,0.8996
0.1,cost_first,tool.productivity.todo,ticktick/api@v2,2,0.6554
0.1,cost_first,tool.productivity.todo,google/tasks-api@v1,3,0.0028
0.1,cost_first,ai.video.generation,kuaishou/kling-3.0@3.0,1,0.9585
0.1,cost_first,ai.video.generation,google/veo-3.1@3.1,2,0.0415
0.1,cost_first,infra.database.postgres,neon/serverless-postgres@v1,1,1.0
0.1,cost_first,infra.database.postgres,supabase/database@v2,2,0.0
0.1,cost_first,ai.llm.embedding,openai/text-embedding-3-large@3.0,1,0.9671
0.1,cost_first,ai.llm.embedding,voyageai/voyage-3-large@3.0,2,0.0329
0.1,cost_first,infra.database.vector,qdrant/cloud@v1,1,0.9984
0.1,cost_first,infra.database.vector,pinecone/index@v3,2,0.0016
0.1,cost_first,infra.compute.gpu,runpod/gpu-serverless@1.0,1,1.0
0.1,cost_first,infra.compute.gpu,replicate/gpu-serverless@1.0,2,0.0
0.1,cost_first,tool.communication.email,resend/email-api@v1,1,1.0
0.1,cost_first,tool.communication.email,twilio/sendgrid@v3,2,0.0
0.1,quality_first,tool.productivity.spreadsheet,google/sheets-api@v4,1,1.0
0.1,quality_first,tool.productivity.spreadsheet,airtable/api@v1,2,0.0
0.1,quality_first,ai.llm.chat,minimax/m2.7@2.7,1,0.787
0.1,quality_first,ai.llm.chat,openai/gpt-4o@2024-11-20,2,0.6846
0.1,quality_first,ai.llm.chat,anthropic/claude-sonnet-4@4.0,3,0.5635
0.1,quality_first,ai.llm.chat,deepseek/deepseek-v4-flash@4.0,4,0.5317
0.1,quality_first,ai.llm.chat,google/gemini-2.5-pro@2.5,5,0.5238
0.1,quality_first,ai.llm.chat,qwen/qwen3-max@3.0,6,0.4701
0.1,quality_first,ai.llm.chat,zhipu/glm-5@5.0,7,0.4627
0.1,quality_first,ai.llm.chat,moonshot/kimi-k2.5@2.5,8,0.4248
0.1,quality_first,ai.vision.image_generation,black-forest-labs/flux-1.1-pro@1.1,1,0.9968
0.1,quality_first,ai.vision.image_generation,google/imagen-3@3.0,2,0.2797
0.1,quality_first,ai.vision.image_generation,openai/dall-e-3@3.0,3,0.0032
0.1,quality_first,tool.automation.browser,steel/browser@v1,1,0.9949
0.1,quality_first,tool.automation.browser,browserbase/api@v1,2,0.0051
0.1,quality_first,tool.devops.ci,github/actions@v2,1,0.8259
0.1,quality_first,tool.devops.ci,circleci/cloud@v2,2,0.1741
0.1,quality_first,ai.code.completion,github/copilot@v1,1,1.0
0.1,quality_first,ai.code.completion,cursor/editor@v1,2,0.0
0.1,quality_first,ai.audio.stt,deepgram/nova@v2,1,1.0
0.1,quality_first,ai.audio.stt,openai/whisper@v1,2,0.0
0.1,quality_first,ai.nlp.translation,google/translate@v3,1,1.0
0.1,quality_first,ai.nlp.translation,deepl/translate@v2,2,0.0
0.1,quality_first,tool.communication.chat,discord/api@v10,1,0.9966
0.1,quality_first,tool.communication.chat,slack/web-api@v2,2,0.0034
0.1,quality_first,ai.audio.tts,openai/tts-1@1.0,1,0.5757
0.1,quality_first,ai.audio.tts,elevenlabs/tts-v2@2.0,2,0.4243
0.1,quality_first,tool.data.search,tavily/search-api@v1,1,0.6015
0.1,quality_first,tool.data.search,exa/search-api@v1,2,0.3985
0.1,quality_first,tool.data.scraping,jina/reader@v1,1,0.9991
0.1,quality_first,tool.data.scraping,firecrawl/scrape@v1,2,0.0009
0.1,quality_first,tool.devops.deployment,vercel/platform@v1,1,1.0
0.1,quality_first,tool.devops.deployment,fly/machines@v1,2,0.0
0.1,quality_first,tool.productivity.todo,todoist/api@v2,1,0.8911
0.1,quality_first,tool.productivity.todo,ticktick/api@v2,2,0.6608
0.1,quality_first,tool.productivity.todo,google/tasks-api@v1,3,0.0021
0.1,quality_first,ai.video.generation,kuaishou/kling-3.0@3.0,1,0.6769
0.1,quality_first,ai.video.generation,google/veo-3.1@3.1,2,0.3231
0.1,quality_first,infra.database.postgres,neon/serverless-postgres@v1,1,1.0
0.1,quality_first,infra.database.postgres,supabase/database@v2,2,0.0
0.1,quality_first,ai.llm.embedding,openai/text-embedding-3-large@3.0,1,0.8629
0.1,quality_first,ai.llm.embedding,voyageai/voyage-3-large@3.0,2,0.1371
0.1,quality_first,infra.database.vector,qdrant/cloud@v1,1,0.9988
0.1,quality_first,infra.database.vector,pinecone/index@v3,2,0.0012
0.1,quality_first,infra.compute.gpu,runpod/gpu-serverless@1.0,1,1.0
0.1,quality_first,infra.compute.gpu,replicate/gpu-serverless@1.0,2,0.0
0.1,quality_first,tool.communication.email,resend/email-api@v1,1,1.0
0.1,quality_first,tool.communication.email,twilio/sendgrid@v3,2,0.0
0.1,speed_first,tool.productivity.spreadsheet,google/sheets-api@v4,1,1.0
0.1,speed_first,tool.productivity.spreadsheet,airtable/api@v1,2,0.0
0.1,speed_first,ai.llm.chat,deepseek/deepseek-v4-flash@4.0,1,0.8716
0.1,speed_first,ai.llm.chat,openai/gpt-4o@2024-11-20,2,0.7155
0.1,speed_first,ai.llm.chat,minimax/m2.7@2.7,3,0.6978
0.1,speed_first,ai.llm.chat,qwen/qwen3-max@3.0,4,0.6288
0.1,speed_first,ai.llm.chat,anthropic/claude-sonnet-4@4.0,5,0.5412
0.1,speed_first,ai.llm.chat,zhipu/glm-5@5.0,6,0.5265
0.1,speed_first,ai.llm.chat,moonshot/kimi-k2.5@2.5,7,0.3664
0.1,speed_first,ai.llm.chat,google/gemini-2.5-pro@2.5,8,0.1982
0.1,speed_first,ai.vision.image_generation,black-forest-labs/flux-1.1-pro@1.1,1,0.9982
0.1,speed_first,ai.vision.image_generation,google/imagen-3@3.0,2,0.4797
0.1,speed_first,ai.vision.image_generation,openai/dall-e-3@3.0,3,0.0018
0.1,speed_first,tool.automation.browser,steel/browser@v1,1,0.9984
0.1,speed_first,tool.automation.browser,browserbase/api@v1,2,0.0016
0.1,speed_first,tool.devops.ci,circleci/cloud@v2,1,0.5259
0.1,speed_first,tool.devops.ci,github/actions@v2,2,0.4741
0.1,speed_first,ai.code.completion,github/copilot@v1,1,1.0
0.1,speed_first,ai.code.completion,cursor/editor@v1,2,0.0
0.1,speed_first,ai.audio.stt,deepgram/nova@v2,1,1.0
0.1,speed_first,ai.audio.stt,openai/whisper@v1,2,0.0
0.1,speed_first,ai.nlp.translation,google/translate@v3,1,1.0
0.1,speed_first,ai.nlp.translation,deepl/translate@v2,2,0.0
0.1,speed_first,tool.communication.chat,discord/api@v10,1,0.9992
0.1,speed_first,tool.communication.chat,slack/web-api@v2,2,0.0008
0.1,speed_first,ai.audio.tts,openai/tts-1@1.0,1,0.6073
0.1,speed_first,ai.audio.tts,elevenlabs/tts-v2@2.0,2,0.3927
0.1,speed_first,tool.data.search,exa/search-api@v1,1,0.5371
0.1,speed_first,tool.data.search,tavily/search-api@v1,2,0.4629
0.1,speed_first,tool.data.scraping,jina/reader@v1,1,0.9997
0.1,speed_first,tool.data.scraping,firecrawl/scrape@v1,2,0.0003
0.1,speed_first,tool.devops.deployment,vercel/platform@v1,1,1.0
0.1,speed_first,tool.devops.deployment,fly/machines@v1,2,0.0
0.1,speed_first,tool.productivity.todo,todoist/api@v2,1,0.9836
0.1,speed_first,tool.productivity.todo,ticktick/api@v2,2,0.6257
0.1,speed_first,tool.productivity.todo,google/tasks-api@v1,3,0.0005
0.1,speed_first,ai.video.generation,kuaishou/kling-3.0@3.0,1,0.5357
0.1,speed_first,ai.video.generation,google/veo-3.1@3.1,2,0.4643
0.1,speed_first,infra.database.postgres,neon/serverless-postgres@v1,1,1.0
0.1,speed_first,infra.database.postgres,supabase/database@v2,2,0.0
0.1,speed_first,ai.llm.embedding,openai/text-embedding-3-large@3.0,1,0.9783
0.1,speed_first,ai.llm.embedding,voyageai/voyage-3-large@3.0,2,0.0217
0.1,speed_first,infra.database.vector,qdrant/cloud@v1,1,0.9997
0.1,speed_first,infra.database.vector,pinecone/index@v3,2,0.0003
0.1,speed_first,infra.compute.gpu,runpod/gpu-serverless@1.0,1,1.0
0.1,speed_first,infra.compute.gpu,replicate/gpu-serverless@1.0,2,0.0
0.1,speed_first,tool.communication.email,resend/email-api@v1,1,1.0
0.1,speed_first,tool.communication.email,twilio/sendgrid@v3,2,0.0
0.1,balanced,tool.productivity.spreadsheet,google/sheets-api@v4,1,1.0
0.1,balanced,tool.productivity.spreadsheet,airtable/api@v1,2,0.0
0.1,balanced,ai.llm.chat,minimax/m2.7@2.7,1,0.8863
0.1,balanced,ai.llm.chat,deepseek/deepseek-v4-flash@4.0,2,0.8269
0.1,balanced,ai.llm.chat,qwen/qwen3-max@3.0,3,0.7668
0.1,balanced,ai.llm.chat,zhipu/glm-5@5.0,4,0.7611
0.1,balanced,ai.llm.chat,moonshot/kimi-k2.5@2.5,5,0.717
0.1,balanced,ai.llm.chat,openai/gpt-4o@2024-11-20,6,0.426
0.1,balanced,ai.llm.chat,google/gemini-2.5-pro@2.5,7,0.3619
0.1,balanced,ai.llm.chat,anthropic/claude-sonnet-4@4.0,8,0.2358
0.1,balanced,ai.vision.image_generation,black-forest-labs/flux-1.1-pro@1.1,1,0.9934
0.1,balanced,ai.vision.image_generation,google/imagen-3@3.0,2,0.35
0.1,balanced,ai.vision.image_generation,openai/dall-e-3@3.0,3,0.0066
0.1,balanced,tool.automation.browser,steel/browser@v1,1,0.997
0.1,balanced,tool.automation.browser,browserbase/api@v1,2,0.003
0.1,balanced,tool.devops.ci,circleci/cloud@v2,1,0.5033
0.1,balanced,tool.devops.ci,github/actions@v2,2,0.4967
0.1,balanced,ai.code.completion,github/copilot@v1,1,1.0
0.1,balanced,ai.code.completion,cursor/editor@v1,2,0.0
0.1,balanced,ai.audio.stt,deepgram/nova@v2,1,1.0
0.1,balanced,ai.audio.stt,openai/whisper@v1,2,0.0
0.1,balanced,ai.nlp.translation,google/translate@v3,1,1.0
0.1,balanced,ai.nlp.translation,deepl/translate@v2,2,0.0
0.1,balanced,tool.communication.chat,discord/api@v10,1,0.9955
0.1,balanced,tool.communication.chat,slack/web-api@v2,2,0.0045
0.1,balanced,ai.audio.tts,openai/tts-1@1.0,1,0.8587
0.1,balanced,ai.audio.tts,elevenlabs/tts-v2@2.0,2,0.1413
0.1,balanced,tool.data.search,tavily/search-api@v1,1,0.8238
0.1,balanced,tool.data.search,exa/search-api@v1,2,0.1762
0.1,balanced,tool.data.scraping,jina/reader@v1,1,0.9995
0.1,balanced,tool.data.scraping,firecrawl/scrape@v1,2,0.0005
0.1,balanced,tool.devops.deployment,vercel/platform@v1,1,1.0
0.1,balanced,tool.devops.deployment,fly/machines@v1,2,0.0
0.1,balanced,tool.productivity.todo,todoist/api@v2,1,0.9363
0.1,balanced,tool.productivity.todo,ticktick/api@v2,2,0.637
0.1,balanced,tool.productivity.todo,google/tasks-api@v1,3,0.0029
0.1,balanced,ai.video.generation,kuaishou/kling-3.0@3.0,1,0.8635
0.1,balanced,ai.video.generation,google/veo-3.1@3.1,2,0.1365
0.1,balanced,infra.database.postgres,neon/serverless-postgres@v1,1,1.0
0.1,balanced,infra.database.postgres,supabase/database@v2,2,0.0
0.1,balanced,ai.llm.embedding,openai/text-embedding-3-large@3.0,1,0.944
0.1,balanced,ai.llm.embedding,voyageai/voyage-3-large@3.0,2,0.056
0.1,balanced,infra.database.vector,qdrant/cloud@v1,1,0.9984
0.1,balanced,infra.database.vector,pinecone/index@v3,2,0.0016
0.1,balanced,infra.compute.gpu,runpod/gpu-serverless@1.0,1,1.0
0.1,balanced,infra.compute.gpu,replicate/gpu-serverless@1.0,2,0.0
0.1,balanced,tool.communication.email,resend/email-api@v1,1,1.0
0.1,balanced,tool.communication.email,twilio/sendgrid@v3,2,0.0
0.2,cost_first,tool.productivity.spreadsheet,google/sheets-api@v4,1,1.0
0.2,cost_first,tool.productivity.spreadsheet,airtable/api@v1,2,0.0
0.2,cost_first,ai.llm.chat,minimax/m2.7@2.7,1,0.9475
0.2,cost_first,ai.llm.chat,deepseek/deepseek-v4-flash@4.0,2,0.9096
0.2,cost_first,ai.llm.chat,zhipu/glm-5@5.0,3,0.8564
0.2,cost_first,ai.llm.chat,moonshot/kimi-k2.5@2.5,4,0.8453
0.2,cost_first,ai.llm.chat,qwen/qwen3-max@3.0,5,0.8436
0.2,cost_first,ai.llm.chat,google/gemini-2.5-pro@2.5,6,0.3609
0.2,cost_first,ai.llm.chat,openai/gpt-4o@2024-11-20,7,0.3478
0.2,cost_first,ai.llm.chat,anthropic/claude-sonnet-4@4.0,8,0.1017
0.2,cost_first,ai.vision.image_generation,black-forest-labs/flux-1.1-pro@1.1,1,0.9953
0.2,cost_first,ai.vision.image_generation,google/imagen-3@3.0,2,0.2891
0.2,cost_first,ai.vision.image_generation,openai/dall-e-3@3.0,3,0.0047
0.2,cost_first,tool.automation.browser,steel/browser@v1,1,0.9991
0.2,cost_first,tool.automation.browser,browserbase/api@v1,2,0.0009
0.2,cost_first,tool.devops.ci,circleci/cloud@v2,1,0.6864
0.2,cost_first,tool.devops.ci,github/actions@v2,2,0.3136
0.2,cost_first,ai.code.completion,github/copilot@v1,1,1.0
0.2,cost_first,ai.code.completion,cursor/editor@v1,2,0.0
0.2,cost_first,ai.audio.stt,deepgram/nova@v2,1,1.0
0.2,cost_first,ai.audio.stt,openai/whisper@v1,2,0.0
0.2,cost_first,ai.nlp.translation,google/translate@v3,1,1.0
0.2,cost_first,ai.nlp.translation,deepl/translate@v2,2,0.0
0.2,cost_first,tool.communication.chat,discord/api@v10,1,0.9955
0.2,cost_first,tool.communication.chat,slack/web-api@v2,2,0.0045
0.2,cost_first,ai.audio.tts,openai/tts-1@1.0,1,0.9414
0.2,cost_first,ai.audio.tts,elevenlabs/tts-v2@2.0,2,0.0586
0.2,cost_first,tool.data.search,tavily/search-api@v1,1,0.9436
0.2,cost_first,tool.data.search,exa/search-api@v1,2,0.0564
0.2,cost_first,tool.data.scraping,jina/reader@v1,1,0.9999
0.2,cost_first,tool.data.scraping,firecrawl/scrape@v1,2,0.0001
0.2,cost_first,tool.devops.deployment,vercel/platform@v1,1,1.0
0.2,cost_first,tool.devops.deployment,fly/machines@v1,2,0.0
0.2,cost_first,tool.productivity.todo,todoist/api@v2,1,0.8996
0.2,cost_first,tool.productivity.todo,ticktick/api@v2,2,0.6554
0.2,cost_first,tool.productivity.todo,google/tasks-api@v1,3,0.0028
0.2,cost_first,ai.video.generation,kuaishou/kling-3.0@3.0,1,0.9585
0.2,cost_first,ai.video.generation,google/veo-3.1@3.1,2,0.0415
0.2,cost_first,infra.database.postgres,neon/serverless-postgres@v1,1,1.0
0.2,cost_first,infra.database.postgres,supabase/database@v2,2,0.0
0.2,cost_first,ai.llm.embedding,openai/text-embedding-3-large@3.0,1,0.9671
0.2,cost_first,ai.llm.embedding,voyageai/voyage-3-large@3.0,2,0.0329
0.2,cost_first,infra.database.vector,qdrant/cloud@v1,1,0.9984
0.2,cost_first,infra.database.vector,pinecone/index@v3,2,0.0016
0.2,cost_first,infra.compute.gpu,runpod/gpu-serverless@1.0,1,1.0
0.2,cost_first,infra.compute.gpu,replicate/gpu-serverless@1.0,2,0.0
0.2,cost_first,tool.communication.email,resend/email-api@v1,1,1.0
0.2,cost_first,tool.communication.email,twilio/sendgrid@v3,2,0.0
0.2,quality_first,tool.productivity.spreadsheet,google/sheets-api@v4,1,1.0
0.2,quality_first,tool.productivity.spreadsheet,airtable/api@v1,2,0.0
0.2,quality_first,ai.llm.chat,minimax/m2.7@2.7,1,0.787
0.2,quality_first,ai.llm.chat,openai/gpt-4o@2024-11-20,2,0.6834
0.2,quality_first,ai.llm.chat,anthropic/claude-sonnet-4@4.0,3,0.5637
0.2,quality_first,ai.llm.chat,deepseek/deepseek-v4-flash@4.0,4,0.5316
0.2,quality_first,ai.llm.chat,google/gemini-2.5-pro@2.5,5,0.5251
0.2,quality_first,ai.llm.chat,qwen/qwen3-max@3.0,6,0.47
0.2,quality_first,ai.llm.chat,zhipu/glm-5@5.0,7,0.4627
0.2,quality_first,ai.llm.chat,moonshot/kimi-k2.5@2.5,8,0.4249
0.2,quality_first,ai.vision.image_generation,black-forest-labs/flux-1.1-pro@1.1,1,0.9968
0.2,quality_first,ai.vision.image_generation,google/imagen-3@3.0,2,0.2797
0.2,quality_first,ai.vision.image_generation,openai/dall-e-3@3.0,3,0.0032
0.2,quality_first,tool.automation.browser,steel/browser@v1,1,0.9949
0.2,quality_first,tool.automation.browser,browserbase/api@v1,2,0.0051
0.2,quality_first,tool.devops.ci,github/actions@v2,1,0.8259
0.2,quality_first,tool.devops.ci,circleci/cloud@v2,2,0.1741
0.2,quality_first,ai.code.completion,github/copilot@v1,1,1.0
0.2,quality_first,ai.code.completion,cursor/editor@v1,2,0.0
0.2,quality_first,ai.audio.stt,deepgram/nova@v2,1,1.0
0.2,quality_first,ai.audio.stt,openai/whisper@v1,2,0.0
0.2,quality_first,ai.nlp.translation,google/translate@v3,1,1.0
0.2,quality_first,ai.nlp.translation,deepl/translate@v2,2,0.0
0.2,quality_first,tool.communication.chat,discord/api@v10,1,0.9966
0.2,quality_first,tool.communication.chat,slack/web-api@v2,2,0.0034
0.2,quality_first,ai.audio.tts,openai/tts-1@1.0,1,0.5757
0.2,quality_first,ai.audio.tts,elevenlabs/tts-v2@2.0,2,0.4243
0.2,quality_first,tool.data.search,tavily/search-api@v1,1,0.6015
0.2,quality_first,tool.data.search,exa/search-api@v1,2,0.3985
0.2,quality_first,tool.data.scraping,jina/reader@v1,1,0.9991
0.2,quality_first,tool.data.scraping,firecrawl/scrape@v1,2,0.0009
0.2,quality_first,tool.devops.deployment,vercel/platform@v1,1,1.0
0.2,quality_first,tool.devops.deployment,fly/machines@v1,2,0.0
0.2,quality_first,tool.productivity.todo,todoist/api@v2,1,0.8911
0.2,quality_first,tool.productivity.todo,ticktick/api@v2,2,0.6608
0.2,quality_first,tool.productivity.todo,google/tasks-api@v1,3,0.0021
0.2,quality_first,ai.video.generation,kuaishou/kling-3.0@3.0,1,0.6769
0.2,quality_first,ai.video.generation,google/veo-3.1@3.1,2,0.3231
0.2,quality_first,infra.database.postgres,neon/serverless-postgres@v1,1,1.0
0.2,quality_first,infra.database.postgres,supabase/database@v2,2,0.0
0.2,quality_first,ai.llm.embedding,openai/text-embedding-3-large@3.0,1,0.8629
0.2,quality_first,ai.llm.embedding,voyageai/voyage-3-large@3.0,2,0.1371
0.2,quality_first,infra.database.vector,qdrant/cloud@v1,1,0.9988
0.2,quality_first,infra.database.vector,pinecone/index@v3,2,0.0012
0.2,quality_first,infra.compute.gpu,runpod/gpu-serverless@1.0,1,1.0
0.2,quality_first,infra.compute.gpu,replicate/gpu-serverless@1.0,2,0.0
0.2,quality_first,tool.communication.email,resend/email-api@v1,1,1.0
0.2,quality_first,tool.communication.email,twilio/sendgrid@v3,2,0.0
0.2,speed_first,tool.productivity.spreadsheet,google/sheets-api@v4,1,1.0
0.2,speed_first,tool.productivity.spreadsheet,airtable/api@v1,2,0.0
0.2,speed_first,ai.llm.chat,deepseek/deepseek-v4-flash@4.0,1,0.8716
0.2,speed_first,ai.llm.chat,openai/gpt-4o@2024-11-20,2,0.7143
0.2,speed_first,ai.llm.chat,minimax/m2.7@2.7,3,0.6978
0.2,speed_first,ai.llm.chat,qwen/qwen3-max@3.0,4,0.6287
0.2,speed_first,ai.llm.chat,anthropic/claude-sonnet-4@4.0,5,0.5413
0.2,speed_first,ai.llm.chat,zhipu/glm-5@5.0,6,0.5265
0.2,speed_first,ai.llm.chat,moonshot/kimi-k2.5@2.5,7,0.3666
0.2,speed_first,ai.llm.chat,google/gemini-2.5-pro@2.5,8,0.2002
0.2,speed_first,ai.vision.image_generation,black-forest-labs/flux-1.1-pro@1.1,1,0.9982
0.2,speed_first,ai.vision.image_generation,google/imagen-3@3.0,2,0.4797
0.2,speed_first,ai.vision.image_generation,openai/dall-e-3@3.0,3,0.0018
0.2,speed_first,tool.automation.browser,steel/browser@v1,1,0.9984
0.2,speed_first,tool.automation.browser,browserbase/api@v1,2,0.0016
0.2,speed_first,tool.devops.ci,circleci/cloud@v2,1,0.5259
0.2,speed_first,tool.devops.ci,github/actions@v2,2,0.4741
0.2,speed_first,ai.code.completion,github/copilot@v1,1,1.0
0.2,speed_first,ai.code.completion,cursor/editor@v1,2,0.0
0.2,speed_first,ai.audio.stt,deepgram/nova@v2,1,1.0
0.2,speed_first,ai.audio.stt,openai/whisper@v1,2,0.0
0.2,speed_first,ai.nlp.translation,google/translate@v3,1,1.0
0.2,speed_first,ai.nlp.translation,deepl/translate@v2,2,0.0
0.2,speed_first,tool.communication.chat,discord/api@v10,1,0.9992
0.2,speed_first,tool.communication.chat,slack/web-api@v2,2,0.0008
0.2,speed_first,ai.audio.tts,openai/tts-1@1.0,1,0.6073
0.2,speed_first,ai.audio.tts,elevenlabs/tts-v2@2.0,2,0.3927
0.2,speed_first,tool.data.search,exa/search-api@v1,1,0.5371
0.2,speed_first,tool.data.search,tavily/search-api@v1,2,0.4629
0.2,speed_first,tool.data.scraping,jina/reader@v1,1,0.9997
0.2,speed_first,tool.data.scraping,firecrawl/scrape@v1,2,0.0003
0.2,speed_first,tool.devops.deployment,vercel/platform@v1,1,1.0
0.2,speed_first,tool.devops.deployment,fly/machines@v1,2,0.0
0.2,speed_first,tool.productivity.todo,todoist/api@v2,1,0.9836
0.2,speed_first,tool.productivity.todo,ticktick/api@v2,2,0.6257
0.2,speed_first,tool.productivity.todo,google/tasks-api@v1,3,0.0005
0.2,speed_first,ai.video.generation,kuaishou/kling-3.0@3.0,1,0.5357
0.2,speed_first,ai.video.generation,google/veo-3.1@3.1,2,0.4643
0.2,speed_first,infra.database.postgres,neon/serverless-postgres@v1,1,1.0
0.2,speed_first,infra.database.postgres,supabase/database@v2,2,0.0
0.2,speed_first,ai.llm.embedding,openai/text-embedding-3-large@3.0,1,0.9783
0.2,speed_first,ai.llm.embedding,voyageai/voyage-3-large@3.0,2,0.0217
0.2,speed_first,infra.database.vector,qdrant/cloud@v1,1,0.9997
0.2,speed_first,infra.database.vector,pinecone/index@v3,2,0.0003
0.2,speed_first,infra.compute.gpu,runpod/gpu-serverless@1.0,1,1.0
0.2,speed_first,infra.compute.gpu,replicate/gpu-serverless@1.0,2,0.0
0.2,speed_first,tool.communication.email,resend/email-api@v1,1,1.0
0.2,speed_first,tool.communication.email,twilio/sendgrid@v3,2,0.0
0.2,balanced,tool.productivity.spreadsheet,google/sheets-api@v4,1,1.0
0.2,balanced,tool.productivity.spreadsheet,airtable/api@v1,2,0.0
0.2,balanced,ai.llm.chat,minimax/m2.7@2.7,1,0.8865
0.2,balanced,ai.llm.chat,deepseek/deepseek-v4-flash@4.0,2,0.8267
0.2,balanced,ai.llm.chat,qwen/qwen3-max@3.0,3,0.7668
0.2,balanced,ai.llm.chat,zhipu/glm-5@5.0,4,0.7614
0.2,balanced,ai.llm.chat,moonshot/kimi-k2.5@2.5,5,0.7174
0.2,balanced,ai.llm.chat,openai/gpt-4o@2024-11-20,6,0.4233
0.2,balanced,ai.llm.chat,google/gemini-2.5-pro@2.5,7,0.3673
0.2,balanced,ai.llm.chat,anthropic/claude-sonnet-4@4.0,8,0.2359
0.2,balanced,ai.vision.image_generation,black-forest-labs/flux-1.1-pro@1.1,1,0.9934
0.2,balanced,ai.vision.image_generation,google/imagen-3@3.0,2,0.35
0.2,balanced,ai.vision.image_generation,openai/dall-e-3@3.0,3,0.0066
0.2,balanced,tool.automation.browser,steel/browser@v1,1,0.997
0.2,balanced,tool.automation.browser,browserbase/api@v1,2,0.003
0.2,balanced,tool.devops.ci,circleci/cloud@v2,1,0.5033
0.2,balanced,tool.devops.ci,github/actions@v2,2,0.4967
0.2,balanced,ai.code.completion,github/copilot@v1,1,1.0
0.2,balanced,ai.code.completion,cursor/editor@v1,2,0.0
0.2,balanced,ai.audio.stt,deepgram/nova@v2,1,1.0
0.2,balanced,ai.audio.stt,openai/whisper@v1,2,0.0
0.2,balanced,ai.nlp.translation,google/translate@v3,1,1.0
0.2,balanced,ai.nlp.translation,deepl/translate@v2,2,0.0
0.2,balanced,tool.communication.chat,discord/api@v10,1,0.9955
0.2,balanced,tool.communication.chat,slack/web-api@v2,2,0.0045
0.2,balanced,ai.audio.tts,openai/tts-1@1.0,1,0.8587
0.2,balanced,ai.audio.tts,elevenlabs/tts-v2@2.0,2,0.1413
0.2,balanced,tool.data.search,tavily/search-api@v1,1,0.8238
0.2,balanced,tool.data.search,exa/search-api@v1,2,0.1762
0.2,balanced,tool.data.scraping,jina/reader@v1,1,0.9995
0.2,balanced,tool.data.scraping,firecrawl/scrape@v1,2,0.0005
0.2,balanced,tool.devops.deployment,vercel/platform@v1,1,1.0
0.2,balanced,tool.devops.deployment,fly/machines@v1,2,0.0
0.2,balanced,tool.productivity.todo,todoist/api@v2,1,0.9363
0.2,balanced,tool.productivity.todo,ticktick/api@v2,2,0.637
0.2,balanced,tool.productivity.todo,google/tasks-api@v1,3,0.0029
0.2,balanced,ai.video.generation,kuaishou/kling-3.0@3.0,1,0.8635
0.2,balanced,ai.video.generation,google/veo-3.1@3.1,2,0.1365
0.2,balanced,infra.database.postgres,neon/serverless-postgres@v1,1,1.0
0.2,balanced,infra.database.postgres,supabase/database@v2,2,0.0
0.2,balanced,ai.llm.embedding,openai/text-embedding-3-large@3.0,1,0.944
0.2,balanced,ai.llm.embedding,voyageai/voyage-3-large@3.0,2,0.056
0.2,balanced,infra.database.vector,qdrant/cloud@v1,1,0.9984
0.2,balanced,infra.database.vector,pinecone/index@v3,2,0.0016
0.2,balanced,infra.compute.gpu,runpod/gpu-serverless@1.0,1,1.0
0.2,balanced,infra.compute.gpu,replicate/gpu-serverless@1.0,2,0.0
0.2,balanced,tool.communication.email,resend/email-api@v1,1,1.0
0.2,balanced,tool.communication.email,twilio/sendgrid@v3,2,0.0
0.3,cost_first,tool.productivity.spreadsheet,google/sheets-api@v4,1,1.0
0.3,cost_first,tool.productivity.spreadsheet,airtable/api@v1,2,0.0
0.3,cost_first,ai.llm.chat,minimax/m2.7@2.7,1,0.9483
0.3,cost_first,ai.llm.chat,deepseek/deepseek-v4-flash@4.0,2,0.9095
0.3,cost_first,ai.llm.chat,zhipu/glm-5@5.0,3,0.8571
0.3,cost_first,ai.llm.chat,moonshot/kimi-k2.5@2.5,4,0.8462
0.3,cost_first,ai.llm.chat,qwen/qwen3-max@3.0,5,0.8438
0.3,cost_first,ai.llm.chat,google/gemini-2.5-pro@2.5,6,0.3691
0.3,cost_first,ai.llm.chat,openai/gpt-4o@2024-11-20,7,0.3433
0.3,cost_first,ai.llm.chat,anthropic/claude-sonnet-4@4.0,8,0.1018
0.3,cost_first,ai.vision.image_generation,black-forest-labs/flux-1.1-pro@1.1,1,0.9953
0.3,cost_first,ai.vision.image_generation,google/imagen-3@3.0,2,0.2891
0.3,cost_first,ai.vision.image_generation,openai/dall-e-3@3.0,3,0.0047
0.3,cost_first,tool.automation.browser,steel/browser@v1,1,0.9991
0.3,cost_first,tool.automation.browser,browserbase/api@v1,2,0.0009
0.3,cost_first,tool.devops.ci,circleci/cloud@v2,1,0.6864
0.3,cost_first,tool.devops.ci,github/actions@v2,2,0.3136
0.3,cost_first,ai.code.completion,github/copilot@v1,1,1.0
0.3,cost_first,ai.code.completion,cursor/editor@v1,2,0.0
0.3,cost_first,ai.audio.stt,deepgram/nova@v2,1,1.0
0.3,cost_first,ai.audio.stt,openai/whisper@v1,2,0.0
0.3,cost_first,ai.nlp.translation,google/translate@v3,1,1.0
0.3,cost_first,ai.nlp.translation,deepl/translate@v2,2,0.0
0.3,cost_first,tool.communication.chat,discord/api@v10,1,0.9955
0.3,cost_first,tool.communication.chat,slack/web-api@v2,2,0.0045
0.3,cost_first,ai.audio.tts,openai/tts-1@1.0,1,0.9414
0.3,cost_first,ai.audio.tts,elevenlabs/tts-v2@2.0,2,0.0586
0.3,cost_first,tool.data.search,tavily/search-api@v1,1,0.9436
0.3,cost_first,tool.data.search,exa/search-api@v1,2,0.0564
0.3,cost_first,tool.data.scraping,jina/reader@v1,1,0.9999
0.3,cost_first,tool.data.scraping,firecrawl/scrape@v1,2,0.0001
0.3,cost_first,tool.devops.deployment,vercel/platform@v1,1,1.0
0.3,cost_first,tool.devops.deployment,fly/machines@v1,2,0.0
0.3,cost_first,tool.productivity.todo,todoist/api@v2,1,0.8996
0.3,cost_first,tool.productivity.todo,ticktick/api@v2,2,0.6554
0.3,cost_first,tool.productivity.todo,google/tasks-api@v1,3,0.0028
0.3,cost_first,ai.video.generation,kuaishou/kling-3.0@3.0,1,0.9585
0.3,cost_first,ai.video.generation,google/veo-3.1@3.1,2,0.0415
0.3,cost_first,infra.database.postgres,neon/serverless-postgres@v1,1,1.0
0.3,cost_first,infra.database.postgres,supabase/database@v2,2,0.0
0.3,cost_first,ai.llm.embedding,openai/text-embedding-3-large@3.0,1,0.9671
0.3,cost_first,ai.llm.embedding,voyageai/voyage-3-large@3.0,2,0.0329
0.3,cost_first,infra.database.vector,qdrant/cloud@v1,1,0.9984
0.3,cost_first,infra.database.vector,pinecone/index@v3,2,0.0016
0.3,cost_first,infra.compute.gpu,runpod/gpu-serverless@1.0,1,1.0
0.3,cost_first,infra.compute.gpu,replicate/gpu-serverless@1.0,2,0.0
0.3,cost_first,tool.communication.email,resend/email-api@v1,1,1.0
0.3,cost_first,tool.communication.email,twilio/sendgrid@v3,2,0.0
0.3,quality_first,tool.productivity.spreadsheet,google/sheets-api@v4,1,1.0
0.3,quality_first,tool.productivity.spreadsheet,airtable/api@v1,2,0.0
0.3,quality_first,ai.llm.chat,minimax/m2.7@2.7,1,0.7871
0.3,quality_first,ai.llm.chat,openai/gpt-4o@2024-11-20,2,0.682
0.3,quality_first,ai.llm.chat,anthropic/claude-sonnet-4@4.0,3,0.564
0.3,quality_first,ai.llm.chat,deepseek/deepseek-v4-flash@4.0,4,0.5314
0.3,quality_first,ai.llm.chat,google/gemini-2.5-pro@2.5,5,0.5268
0.3,quality_first,ai.llm.chat,qwen/qwen3-max@3.0,6,0.4698
0.3,quality_first,ai.llm.chat,zhipu/glm-5@5.0,7,0.4628
0.3,quality_first,ai.llm.chat,moonshot/kimi-k2.5@2.5,8,0.4251
0.3,quality_first,ai.vision.image_generation,black-forest-labs/flux-1.1-pro@1.1,1,0.9968
0.3,quality_first,ai.vision.image_generation,google/imagen-3@3.0,2,0.2797
0.3,quality_first,ai.vision.image_generation,openai/dall-e-3@3.0,3,0.0032
0.3,quality_first,tool.automation.browser,steel/browser@v1,1,0.9949
0.3,quality_first,tool.automation.browser,browserbase/api@v1,2,0.0051
0.3,quality_first,tool.devops.ci,github/actions@v2,1,0.8259
0.3,quality_first,tool.devops.ci,circleci/cloud@v2,2,0.1741
0.3,quality_first,ai.code.completion,github/copilot@v1,1,1.0
0.3,quality_first,ai.code.completion,cursor/editor@v1,2,0.0
0.3,quality_first,ai.audio.stt,deepgram/nova@v2,1,1.0
0.3,quality_first,ai.audio.stt,openai/whisper@v1,2,0.0
0.3,quality_first,ai.nlp.translation,google/translate@v3,1,1.0
0.3,quality_first,ai.nlp.translation,deepl/translate@v2,2,0.0
0.3,quality_first,tool.communication.chat,discord/api@v10,1,0.9966
0.3,quality_first,tool.communication.chat,slack/web-api@v2,2,0.0034
0.3,quality_first,ai.audio.tts,openai/tts-1@1.0,1,0.5757
0.3,quality_first,ai.audio.tts,elevenlabs/tts-v2@2.0,2,0.4243
0.3,quality_first,tool.data.search,tavily/search-api@v1,1,0.6015
0.3,quality_first,tool.data.search,exa/search-api@v1,2,0.3985
0.3,quality_first,tool.data.scraping,jina/reader@v1,1,0.9991
0.3,quality_first,tool.data.scraping,firecrawl/scrape@v1,2,0.0009
0.3,quality_first,tool.devops.deployment,vercel/platform@v1,1,1.0
0.3,quality_first,tool.devops.deployment,fly/machines@v1,2,0.0
0.3,quality_first,tool.productivity.todo,todoist/api@v2,1,0.8911
0.3,quality_first,tool.productivity.todo,ticktick/api@v2,2,0.6608
0.3,quality_first,tool.productivity.todo,google/tasks-api@v1,3,0.0021
0.3,quality_first,ai.video.generation,kuaishou/kling-3.0@3.0,1,0.6769
0.3,quality_first,ai.video.generation,google/veo-3.1@3.1,2,0.3231
0.3,quality_first,infra.database.postgres,neon/serverless-postgres@v1,1,1.0
0.3,quality_first,infra.database.postgres,supabase/database@v2,2,0.0
0.3,quality_first,ai.llm.embedding,openai/text-embedding-3-large@3.0,1,0.8629
0.3,quality_first,ai.llm.embedding,voyageai/voyage-3-large@3.0,2,0.1371
0.3,quality_first,infra.database.vector,qdrant/cloud@v1,1,0.9988
0.3,quality_first,infra.database.vector,pinecone/index@v3,2,0.0012
0.3,quality_first,infra.compute.gpu,runpod/gpu-serverless@1.0,1,1.0
0.3,quality_first,infra.compute.gpu,replicate/gpu-serverless@1.0,2,0.0
0.3,quality_first,tool.communication.email,resend/email-api@v1,1,1.0
0.3,quality_first,tool.communication.email,twilio/sendgrid@v3,2,0.0
0.3,speed_first,tool.productivity.spreadsheet,google/sheets-api@v4,1,1.0
0.3,speed_first,tool.productivity.spreadsheet,airtable/api@v1,2,0.0
0.3,speed_first,ai.llm.chat,deepseek/deepseek-v4-flash@4.0,1,0.8716
0.3,speed_first,ai.llm.chat,openai/gpt-4o@2024-11-20,2,0.713
0.3,speed_first,ai.llm.chat,minimax/m2.7@2.7,3,0.6978
0.3,speed_first,ai.llm.chat,qwen/qwen3-max@3.0,4,0.6287
0.3,speed_first,ai.llm.chat,anthropic/claude-sonnet-4@4.0,5,0.5416
0.3,speed_first,ai.llm.chat,zhipu/glm-5@5.0,6,0.5265
0.3,speed_first,ai.llm.chat,moonshot/kimi-k2.5@2.5,7,0.3667
0.3,speed_first,ai.llm.chat,google/gemini-2.5-pro@2.5,8,0.2027
0.3,speed_first,ai.vision.image_generation,black-forest-labs/flux-1.1-pro@1.1,1,0.9982
0.3,speed_first,ai.vision.image_generation,google/imagen-3@3.0,2,0.4797
0.3,speed_first,ai.vision.image_generation,openai/dall-e-3@3.0,3,0.0018
0.3,speed_first,tool.automation.browser,steel/browser@v1,1,0.9984
0.3,speed_first,tool.automation.browser,browserbase/api@v1,2,0.0016
0.3,speed_first,tool.devops.ci,circleci/cloud@v2,1,0.5259
0.3,speed_first,tool.devops.ci,github/actions@v2,2,0.4741
0.3,speed_first,ai.code.completion,github/copilot@v1,1,1.0
0.3,speed_first,ai.code.completion,cursor/editor@v1,2,0.0
0.3,speed_first,ai.audio.stt,deepgram/nova@v2,1,1.0
0.3,speed_first,ai.audio.stt,openai/whisper@v1,2,0.0
0.3,speed_first,ai.nlp.translation,google/translate@v3,1,1.0
0.3,speed_first,ai.nlp.translation,deepl/translate@v2,2,0.0
0.3,speed_first,tool.communication.chat,discord/api@v10,1,0.9992
0.3,speed_first,tool.communication.chat,slack/web-api@v2,2,0.0008
0.3,speed_first,ai.audio.tts,openai/tts-1@1.0,1,0.6073
0.3,speed_first,ai.audio.tts,elevenlabs/tts-v2@2.0,2,0.3927
0.3,speed_first,tool.data.search,exa/search-api@v1,1,0.5371
0.3,speed_first,tool.data.search,tavily/search-api@v1,2,0.4629
0.3,speed_first,tool.data.scraping,jina/reader@v1,1,0.9997
0.3,speed_first,tool.data.scraping,firecrawl/scrape@v1,2,0.0003
0.3,speed_first,tool.devops.deployment,vercel/platform@v1,1,1.0
0.3,speed_first,tool.devops.deployment,fly/machines@v1,2,0.0
0.3,speed_first,tool.productivity.todo,todoist/api@v2,1,0.9836
0.3,speed_first,tool.productivity.todo,ticktick/api@v2,2,0.6257
0.3,speed_first,tool.productivity.todo,google/tasks-api@v1,3,0.0005
0.3,speed_first,ai.video.generation,kuaishou/kling-3.0@3.0,1,0.5357
0.3,speed_first,ai.video.generation,google/veo-3.1@3.1,2,0.4643
0.3,speed_first,infra.database.postgres,neon/serverless-postgres@v1,1,1.0
0.3,speed_first,infra.database.postgres,supabase/database@v2,2,0.0
0.3,speed_first,ai.llm.embedding,openai/text-embedding-3-large@3.0,1,0.9783
0.3,speed_first,ai.llm.embedding,voyageai/voyage-3-large@3.0,2,0.0217
0.3,speed_first,infra.database.vector,qdrant/cloud@v1,1,0.9997
0.3,speed_first,infra.database.vector,pinecone/index@v3,2,0.0003
0.3,speed_first,infra.compute.gpu,runpod/gpu-serverless@1.0,1,1.0
0.3,speed_first,infra.compute.gpu,replicate/gpu-serverless@1.0,2,0.0
0.3,speed_first,tool.communication.email,resend/email-api@v1,1,1.0
0.3,speed_first,tool.communication.email,twilio/sendgrid@v3,2,0.0
0.3,balanced,tool.productivity.spreadsheet,google/sheets-api@v4,1,1.0
0.3,balanced,tool.productivity.spreadsheet,airtable/api@v1,2,0.0
0.3,balanced,ai.llm.chat,minimax/m2.7@2.7,1,0.8868
0.3,balanced,ai.llm.chat,deepseek/deepseek-v4-flash@4.0,2,0.8266
0.3,balanced,ai.llm.chat,qwen/qwen3-max@3.0,3,0.7668
0.3,balanced,ai.llm.chat,zhipu/glm-5@5.0,4,0.7617
0.3,balanced,ai.llm.chat,moonshot/kimi-k2.5@2.5,5,0.7178
0.3,balanced,ai.llm.chat,openai/gpt-4o@2024-11-20,6,0.42
0.3,balanced,ai.llm.chat,google/gemini-2.5-pro@2.5,7,0.374
0.3,balanced,ai.llm.chat,anthropic/claude-sonnet-4@4.0,8,0.2361
0.3,balanced,ai.vision.image_generation,black-forest-labs/flux-1.1-pro@1.1,1,0.9934
0.3,balanced,ai.vision.image_generation,google/imagen-3@3.0,2,0.35
0.3,balanced,ai.vision.image_generation,openai/dall-e-3@3.0,3,0.0066
0.3,balanced,tool.automation.browser,steel/browser@v1,1,0.997
0.3,balanced,tool.automation.browser,browserbase/api@v1,2,0.003
0.3,balanced,tool.devops.ci,circleci/cloud@v2,1,0.5033
0.3,balanced,tool.devops.ci,github/actions@v2,2,0.4967
0.3,balanced,ai.code.completion,github/copilot@v1,1,1.0
0.3,balanced,ai.code.completion,cursor/editor@v1,2,0.0
0.3,balanced,ai.audio.stt,deepgram/nova@v2,1,1.0
0.3,balanced,ai.audio.stt,openai/whisper@v1,2,0.0
0.3,balanced,ai.nlp.translation,google/translate@v3,1,1.0
0.3,balanced,ai.nlp.translation,deepl/translate@v2,2,0.0
0.3,balanced,tool.communication.chat,discord/api@v10,1,0.9955
0.3,balanced,tool.communication.chat,slack/web-api@v2,2,0.0045
0.3,balanced,ai.audio.tts,openai/tts-1@1.0,1,0.8587
0.3,balanced,ai.audio.tts,elevenlabs/tts-v2@2.0,2,0.1413
0.3,balanced,tool.data.search,tavily/search-api@v1,1,0.8238
0.3,balanced,tool.data.search,exa/search-api@v1,2,0.1762
0.3,balanced,tool.data.scraping,jina/reader@v1,1,0.9995
0.3,balanced,tool.data.scraping,firecrawl/scrape@v1,2,0.0005
0.3,balanced,tool.devops.deployment,vercel/platform@v1,1,1.0
0.3,balanced,tool.devops.deployment,fly/machines@v1,2,0.0
0.3,balanced,tool.productivity.todo,todoist/api@v2,1,0.9363
0.3,balanced,tool.productivity.todo,ticktick/api@v2,2,0.637
0.3,balanced,tool.productivity.todo,google/tasks-api@v1,3,0.0029
0.3,balanced,ai.video.generation,kuaishou/kling-3.0@3.0,1,0.8635
0.3,balanced,ai.video.generation,google/veo-3.1@3.1,2,0.1365
0.3,balanced,infra.database.postgres,neon/serverless-postgres@v1,1,1.0
0.3,balanced,infra.database.postgres,supabase/database@v2,2,0.0
0.3,balanced,ai.llm.embedding,openai/text-embedding-3-large@3.0,1,0.944
0.3,balanced,ai.llm.embedding,voyageai/voyage-3-large@3.0,2,0.056
0.3,balanced,infra.database.vector,qdrant/cloud@v1,1,0.9984
0.3,balanced,infra.database.vector,pinecone/index@v3,2,0.0016
0.3,balanced,infra.compute.gpu,runpod/gpu-serverless@1.0,1,1.0
0.3,balanced,infra.compute.gpu,replicate/gpu-serverless@1.0,2,0.0
0.3,balanced,tool.communication.email,resend/email-api@v1,1,1.0
0.3,balanced,tool.communication.email,twilio/sendgrid@v3,2,0.0
0.5,cost_first,tool.productivity.spreadsheet,google/sheets-api@v4,1,1.0
0.5,cost_first,tool.productivity.spreadsheet,airtable/api@v1,2,0.0
0.5,cost_first,ai.llm.chat,minimax/m2.7@2.7,1,0.9505
0.5,cost_first,ai.llm.chat,deepseek/deepseek-v4-flash@4.0,2,0.9092
0.5,cost_first,ai.llm.chat,zhipu/glm-5@5.0,3,0.8591
0.5,cost_first,ai.llm.chat,moonshot/kimi-k2.5@2.5,4,0.8489
0.5,cost_first,ai.llm.chat,qwen/qwen3-max@3.0,5,0.8442
0.5,cost_first,ai.llm.chat,google/gemini-2.5-pro@2.5,6,0.3925
0.5,cost_first,ai.llm.chat,openai/gpt-4o@2024-11-20,7,0.3307
0.5,cost_first,ai.llm.chat,anthropic/claude-sonnet-4@4.0,8,0.1021
0.5,cost_first,ai.vision.image_generation,black-forest-labs/flux-1.1-pro@1.1,1,0.9953
0.5,cost_first,ai.vision.image_generation,google/imagen-3@3.0,2,0.2891
0.5,cost_first,ai.vision.image_generation,openai/dall-e-3@3.0,3,0.0047
0.5,cost_first,tool.automation.browser,steel/browser@v1,1,0.9991
0.5,cost_first,tool.automation.browser,browserbase/api@v1,2,0.0009
0.5,cost_first,tool.devops.ci,circleci/cloud@v2,1,0.6864
0.5,cost_first,tool.devops.ci,github/actions@v2,2,0.3136
0.5,cost_first,ai.code.completion,github/copilot@v1,1,1.0
0.5,cost_first,ai.code.completion,cursor/editor@v1,2,0.0
0.5,cost_first,ai.audio.stt,deepgram/nova@v2,1,1.0
0.5,cost_first,ai.audio.stt,openai/whisper@v1,2,0.0
0.5,cost_first,ai.nlp.translation,google/translate@v3,1,1.0
0.5,cost_first,ai.nlp.translation,deepl/translate@v2,2,0.0
0.5,cost_first,tool.communication.chat,discord/api@v10,1,0.9955
0.5,cost_first,tool.communication.chat,slack/web-api@v2,2,0.0045
0.5,cost_first,ai.audio.tts,openai/tts-1@1.0,1,0.9414
0.5,cost_first,ai.audio.tts,elevenlabs/tts-v2@2.0,2,0.0586
0.5,cost_first,tool.data.search,tavily/search-api@v1,1,0.9436
0.5,cost_first,tool.data.search,exa/search-api@v1,2,0.0564
0.5,cost_first,tool.data.scraping,jina/reader@v1,1,0.9999
0.5,cost_first,tool.data.scraping,firecrawl/scrape@v1,2,0.0001
0.5,cost_first,tool.devops.deployment,vercel/platform@v1,1,1.0
0.5,cost_first,tool.devops.deployment,fly/machines@v1,2,0.0
0.5,cost_first,tool.productivity.todo,todoist/api@v2,1,0.8996
0.5,cost_first,tool.productivity.todo,ticktick/api@v2,2,0.6554
0.5,cost_first,tool.productivity.todo,google/tasks-api@v1,3,0.0028
0.5,cost_first,ai.video.generation,kuaishou/kling-3.0@3.0,1,0.9585
0.5,cost_first,ai.video.generation,google/veo-3.1@3.1,2,0.0415
0.5,cost_first,infra.database.postgres,neon/serverless-postgres@v1,1,1.0
0.5,cost_first,infra.database.postgres,supabase/database@v2,2,0.0
0.5,cost_first,ai.llm.embedding,openai/text-embedding-3-large@3.0,1,0.9671
0.5,cost_first,ai.llm.embedding,voyageai/voyage-3-large@3.0,2,0.0329
0.5,cost_first,infra.database.vector,qdrant/cloud@v1,1,0.9984
0.5,cost_first,infra.database.vector,pinecone/index@v3,2,0.0016
0.5,cost_first,infra.compute.gpu,runpod/gpu-serverless@1.0,1,1.0
0.5,cost_first,infra.compute.gpu,replicate/gpu-serverless@1.0,2,0.0
0.5,cost_first,tool.communication.email,resend/email-api@v1,1,1.0
0.5,cost_first,tool.communication.email,twilio/sendgrid@v3,2,0.0
0.5,quality_first,tool.productivity.spreadsheet,google/sheets-api@v4,1,1.0
0.5,quality_first,tool.productivity.spreadsheet,airtable/api@v1,2,0.0
0.5,quality_first,ai.llm.chat,minimax/m2.7@2.7,1,0.7872
0.5,quality_first,ai.llm.chat,openai/gpt-4o@2024-11-20,2,0.6779
0.5,quality_first,ai.llm.chat,anthropic/claude-sonnet-4@4.0,3,0.5647
0.5,quality_first,ai.llm.chat,google/gemini-2.5-pro@2.5,4,0.5313
0.5,quality_first,ai.llm.chat,deepseek/deepseek-v4-flash@4.0,5,0.531
0.5,quality_first,ai.llm.chat,qwen/qwen3-max@3.0,6,0.4695
0.5,quality_first,ai.llm.chat,zhipu/glm-5@5.0,7,0.4628
0.5,quality_first,ai.llm.chat,moonshot/kimi-k2.5@2.5,8,0.4254
0.5,quality_first,ai.vision.image_generation,black-forest-labs/flux-1.1-pro@1.1,1,0.9968
0.5,quality_first,ai.vision.image_generation,google/imagen-3@3.0,2,0.2797
0.5,quality_first,ai.vision.image_generation,openai/dall-e-3@3.0,3,0.0032
0.5,quality_first,tool.automation.browser,steel/browser@v1,1,0.9949
0.5,quality_first,tool.automation.browser,browserbase/api@v1,2,0.0051
0.5,quality_first,tool.devops.ci,github/actions@v2,1,0.8259
0.5,quality_first,tool.devops.ci,circleci/cloud@v2,2,0.1741
0.5,quality_first,ai.code.completion,github/copilot@v1,1,1.0
0.5,quality_first,ai.code.completion,cursor/editor@v1,2,0.0
0.5,quality_first,ai.audio.stt,deepgram/nova@v2,1,1.0
0.5,quality_first,ai.audio.stt,openai/whisper@v1,2,0.0
0.5,quality_first,ai.nlp.translation,google/translate@v3,1,1.0
0.5,quality_first,ai.nlp.translation,deepl/translate@v2,2,0.0
0.5,quality_first,tool.communication.chat,discord/api@v10,1,0.9966
0.5,quality_first,tool.communication.chat,slack/web-api@v2,2,0.0034
0.5,quality_first,ai.audio.tts,openai/tts-1@1.0,1,0.5757
0.5,quality_first,ai.audio.tts,elevenlabs/tts-v2@2.0,2,0.4243
0.5,quality_first,tool.data.search,tavily/search-api@v1,1,0.6015
0.5,quality_first,tool.data.search,exa/search-api@v1,2,0.3985
0.5,quality_first,tool.data.scraping,jina/reader@v1,1,0.9991
0.5,quality_first,tool.data.scraping,firecrawl/scrape@v1,2,0.0009
0.5,quality_first,tool.devops.deployment,vercel/platform@v1,1,1.0
0.5,quality_first,tool.devops.deployment,fly/machines@v1,2,0.0
0.5,quality_first,tool.productivity.todo,todoist/api@v2,1,0.8911
0.5,quality_first,tool.productivity.todo,ticktick/api@v2,2,0.6608
0.5,quality_first,tool.productivity.todo,google/tasks-api@v1,3,0.0021
0.5,quality_first,ai.video.generation,kuaishou/kling-3.0@3.0,1,0.6769
0.5,quality_first,ai.video.generation,google/veo-3.1@3.1,2,0.3231
0.5,quality_first,infra.database.postgres,neon/serverless-postgres@v1,1,1.0
0.5,quality_first,infra.database.postgres,supabase/database@v2,2,0.0
0.5,quality_first,ai.llm.embedding,openai/text-embedding-3-large@3.0,1,0.8629
0.5,quality_first,ai.llm.embedding,voyageai/voyage-3-large@3.0,2,0.1371
0.5,quality_first,infra.database.vector,qdrant/cloud@v1,1,0.9988
0.5,quality_first,infra.database.vector,pinecone/index@v3,2,0.0012
0.5,quality_first,infra.compute.gpu,runpod/gpu-serverless@1.0,1,1.0
0.5,quality_first,infra.compute.gpu,replicate/gpu-serverless@1.0,2,0.0
0.5,quality_first,tool.communication.email,resend/email-api@v1,1,1.0
0.5,quality_first,tool.communication.email,twilio/sendgrid@v3,2,0.0
0.5,speed_first,tool.productivity.spreadsheet,google/sheets-api@v4,1,1.0
0.5,speed_first,tool.productivity.spreadsheet,airtable/api@v1,2,0.0
0.5,speed_first,ai.llm.chat,deepseek/deepseek-v4-flash@4.0,1,0.8715
0.5,speed_first,ai.llm.chat,openai/gpt-4o@2024-11-20,2,0.7093
0.5,speed_first,ai.llm.chat,minimax/m2.7@2.7,3,0.6979
0.5,speed_first,ai.llm.chat,qwen/qwen3-max@3.0,4,0.6285
0.5,speed_first,ai.llm.chat,anthropic/claude-sonnet-4@4.0,5,0.5422
0.5,speed_first,ai.llm.chat,zhipu/glm-5@5.0,6,0.5266
0.5,speed_first,ai.llm.chat,moonshot/kimi-k2.5@2.5,7,0.367
0.5,speed_first,ai.llm.chat,google/gemini-2.5-pro@2.5,8,0.2098
0.5,speed_first,ai.vision.image_generation,black-forest-labs/flux-1.1-pro@1.1,1,0.9982
0.5,speed_first,ai.vision.image_generation,google/imagen-3@3.0,2,0.4797
0.5,speed_first,ai.vision.image_generation,openai/dall-e-3@3.0,3,0.0018
0.5,speed_first,tool.automation.browser,steel/browser@v1,1,0.9984
0.5,speed_first,tool.automation.browser,browserbase/api@v1,2,0.0016
0.5,speed_first,tool.devops.ci,circleci/cloud@v2,1,0.5259
0.5,speed_first,tool.devops.ci,github/actions@v2,2,0.4741
0.5,speed_first,ai.code.completion,github/copilot@v1,1,1.0
0.5,speed_first,ai.code.completion,cursor/editor@v1,2,0.0
0.5,speed_first,ai.audio.stt,deepgram/nova@v2,1,1.0
0.5,speed_first,ai.audio.stt,openai/whisper@v1,2,0.0
0.5,speed_first,ai.nlp.translation,google/translate@v3,1,1.0
0.5,speed_first,ai.nlp.translation,deepl/translate@v2,2,0.0
0.5,speed_first,tool.communication.chat,discord/api@v10,1,0.9992
0.5,speed_first,tool.communication.chat,slack/web-api@v2,2,0.0008
0.5,speed_first,ai.audio.tts,openai/tts-1@1.0,1,0.6073
0.5,speed_first,ai.audio.tts,elevenlabs/tts-v2@2.0,2,0.3927
0.5,speed_first,tool.data.search,exa/search-api@v1,1,0.5371
0.5,speed_first,tool.data.search,tavily/search-api@v1,2,0.4629
0.5,speed_first,tool.data.scraping,jina/reader@v1,1,0.9997
0.5,speed_first,tool.data.scraping,firecrawl/scrape@v1,2,0.0003
0.5,speed_first,tool.devops.deployment,vercel/platform@v1,1,1.0
0.5,speed_first,tool.devops.deployment,fly/machines@v1,2,0.0
0.5,speed_first,tool.productivity.todo,todoist/api@v2,1,0.9836
0.5,speed_first,tool.productivity.todo,ticktick/api@v2,2,0.6257
0.5,speed_first,tool.productivity.todo,google/tasks-api@v1,3,0.0005
0.5,speed_first,ai.video.generation,kuaishou/kling-3.0@3.0,1,0.5357
0.5,speed_first,ai.video.generation,google/veo-3.1@3.1,2,0.4643
0.5,speed_first,infra.database.postgres,neon/serverless-postgres@v1,1,1.0
0.5,speed_first,infra.database.postgres,supabase/database@v2,2,0.0
0.5,speed_first,ai.llm.embedding,openai/text-embedding-3-large@3.0,1,0.9783
0.5,speed_first,ai.llm.embedding,voyageai/voyage-3-large@3.0,2,0.0217
0.5,speed_first,infra.database.vector,qdrant/cloud@v1,1,0.9997
0.5,speed_first,infra.database.vector,pinecone/index@v3,2,0.0003
0.5,speed_first,infra.compute.gpu,runpod/gpu-serverless@1.0,1,1.0
0.5,speed_first,infra.compute.gpu,replicate/gpu-serverless@1.0,2,0.0
0.5,speed_first,tool.communication.email,resend/email-api@v1,1,1.0
0.5,speed_first,tool.communication.email,twilio/sendgrid@v3,2,0.0
0.5,balanced,tool.productivity.spreadsheet,google/sheets-api@v4,1,1.0
0.5,balanced,tool.productivity.spreadsheet,airtable/api@v1,2,0.0
0.5,balanced,ai.llm.chat,minimax/m2.7@2.7,1,0.8875
0.5,balanced,ai.llm.chat,deepseek/deepseek-v4-flash@4.0,2,0.8262
0.5,balanced,ai.llm.chat,qwen/qwen3-max@3.0,3,0.7667
0.5,balanced,ai.llm.chat,zhipu/glm-5@5.0,4,0.7625
0.5,balanced,ai.llm.chat,moonshot/kimi-k2.5@2.5,5,0.7188
0.5,balanced,ai.llm.chat,openai/gpt-4o@2024-11-20,6,0.4111
0.5,balanced,ai.llm.chat,google/gemini-2.5-pro@2.5,7,0.3928
0.5,balanced,ai.llm.chat,anthropic/claude-sonnet-4@4.0,8,0.2367
0.5,balanced,ai.vision.image_generation,black-forest-labs/flux-1.1-pro@1.1,1,0.9934
0.5,balanced,ai.vision.image_generation,google/imagen-3@3.0,2,0.35
0.5,balanced,ai.vision.image_generation,openai/dall-e-3@3.0,3,0.0066
0.5,balanced,tool.automation.browser,steel/browser@v1,1,0.997
0.5,balanced,tool.automation.browser,browserbase/api@v1,2,0.003
0.5,balanced,tool.devops.ci,circleci/cloud@v2,1,0.5033
0.5,balanced,tool.devops.ci,github/actions@v2,2,0.4967
0.5,balanced,ai.code.completion,github/copilot@v1,1,1.0
0.5,balanced,ai.code.completion,cursor/editor@v1,2,0.0
0.5,balanced,ai.audio.stt,deepgram/nova@v2,1,1.0
0.5,balanced,ai.audio.stt,openai/whisper@v1,2,0.0
0.5,balanced,ai.nlp.translation,google/translate@v3,1,1.0
0.5,balanced,ai.nlp.translation,deepl/translate@v2,2,0.0
0.5,balanced,tool.communication.chat,discord/api@v10,1,0.9955
0.5,balanced,tool.communication.chat,slack/web-api@v2,2,0.0045
0.5,balanced,ai.audio.tts,openai/tts-1@1.0,1,0.8587
0.5,balanced,ai.audio.tts,elevenlabs/tts-v2@2.0,2,0.1413
0.5,balanced,tool.data.search,tavily/search-api@v1,1,0.8238
0.5,balanced,tool.data.search,exa/search-api@v1,2,0.1762
0.5,balanced,tool.data.scraping,jina/reader@v1,1,0.9995
0.5,balanced,tool.data.scraping,firecrawl/scrape@v1,2,0.0005
0.5,balanced,tool.devops.deployment,vercel/platform@v1,1,1.0
0.5,balanced,tool.devops.deployment,fly/machines@v1,2,0.0
0.5,balanced,tool.productivity.todo,todoist/api@v2,1,0.9363
0.5,balanced,tool.productivity.todo,ticktick/api@v2,2,0.637
0.5,balanced,tool.productivity.todo,google/tasks-api@v1,3,0.0029
0.5,balanced,ai.video.generation,kuaishou/kling-3.0@3.0,1,0.8635
0.5,balanced,ai.video.generation,google/veo-3.1@3.1,2,0.1365
0.5,balanced,infra.database.postgres,neon/serverless-postgres@v1,1,1.0
0.5,balanced,infra.database.postgres,supabase/database@v2,2,0.0
0.5,balanced,ai.llm.embedding,openai/text-embedding-3-large@3.0,1,0.944
0.5,balanced,ai.llm.embedding,voyageai/voyage-3-large@3.0,2,0.056
0.5,balanced,infra.database.vector,qdrant/cloud@v1,1,0.9984
0.5,balanced,infra.database.vector,pinecone/index@v3,2,0.0016
0.5,balanced,infra.compute.gpu,runpod/gpu-serverless@1.0,1,1.0
0.5,balanced,infra.compute.gpu,replicate/gpu-serverless@1.0,2,0.0
0.5,balanced,tool.communication.email,resend/email-api@v1,1,1.0
0.5,balanced,tool.communication.email,twilio/sendgrid@v3,2,0.0
0.8,cost_first,tool.productivity.spreadsheet,google/sheets-api@v4,1,1.0
0.8,cost_first,tool.productivity.spreadsheet,airtable/api@v1,2,0.0
0.8,cost_first,ai.llm.chat,minimax/m2.7@2.7,1,0.9567
0.8,cost_first,ai.llm.chat,deepseek/deepseek-v4-flash@4.0,2,0.9082
0.8,cost_first,ai.llm.chat,zhipu/glm-5@5.0,3,0.8652
0.8,cost_first,ai.llm.chat,moonshot/kimi-k2.5@2.5,4,0.857
0.8,cost_first,ai.llm.chat,qwen/qwen3-max@3.0,5,0.8455
0.8,cost_first,ai.llm.chat,google/gemini-2.5-pro@2.5,6,0.4682
0.8,cost_first,ai.llm.chat,openai/gpt-4o@2024-11-20,7,0.2908
0.8,cost_first,ai.llm.chat,anthropic/claude-sonnet-4@4.0,8,0.1033
0.8,cost_first,ai.vision.image_generation,black-forest-labs/flux-1.1-pro@1.1,1,0.9953
0.8,cost_first,ai.vision.image_generation,google/imagen-3@3.0,2,0.2891
0.8,cost_first,ai.vision.image_generation,openai/dall-e-3@3.0,3,0.0047
0.8,cost_first,tool.automation.browser,steel/browser@v1,1,0.9991
0.8,cost_first,tool.automation.browser,browserbase/api@v1,2,0.0009
0.8,cost_first,tool.devops.ci,circleci/cloud@v2,1,0.6864
0.8,cost_first,tool.devops.ci,github/actions@v2,2,0.3136
0.8,cost_first,ai.code.completion,github/copilot@v1,1,1.0
0.8,cost_first,ai.code.completion,cursor/editor@v1,2,0.0
0.8,cost_first,ai.audio.stt,deepgram/nova@v2,1,1.0
0.8,cost_first,ai.audio.stt,openai/whisper@v1,2,0.0
0.8,cost_first,ai.nlp.translation,google/translate@v3,1,1.0
0.8,cost_first,ai.nlp.translation,deepl/translate@v2,2,0.0
0.8,cost_first,tool.communication.chat,discord/api@v10,1,0.9955
0.8,cost_first,tool.communication.chat,slack/web-api@v2,2,0.0045
0.8,cost_first,ai.audio.tts,openai/tts-1@1.0,1,0.9414
0.8,cost_first,ai.audio.tts,elevenlabs/tts-v2@2.0,2,0.0586
0.8,cost_first,tool.data.search,tavily/search-api@v1,1,0.9436
0.8,cost_first,tool.data.search,exa/search-api@v1,2,0.0564
0.8,cost_first,tool.data.scraping,jina/reader@v1,1,0.9999
0.8,cost_first,tool.data.scraping,firecrawl/scrape@v1,2,0.0001
0.8,cost_first,tool.devops.deployment,vercel/platform@v1,1,1.0
0.8,cost_first,tool.devops.deployment,fly/machines@v1,2,0.0
0.8,cost_first,tool.productivity.todo,todoist/api@v2,1,0.8996
0.8,cost_first,tool.productivity.todo,ticktick/api@v2,2,0.6554
0.8,cost_first,tool.productivity.todo,google/tasks-api@v1,3,0.0028
0.8,cost_first,ai.video.generation,kuaishou/kling-3.0@3.0,1,0.9585
0.8,cost_first,ai.video.generation,google/veo-3.1@3.1,2,0.0415
0.8,cost_first,infra.database.postgres,neon/serverless-postgres@v1,1,1.0
0.8,cost_first,infra.database.postgres,supabase/database@v2,2,0.0
0.8,cost_first,ai.llm.embedding,openai/text-embedding-3-large@3.0,1,0.9671
0.8,cost_first,ai.llm.embedding,voyageai/voyage-3-large@3.0,2,0.0329
0.8,cost_first,infra.database.vector,qdrant/cloud@v1,1,0.9984
0.8,cost_first,infra.database.vector,pinecone/index@v3,2,0.0016
0.8,cost_first,infra.compute.gpu,runpod/gpu-serverless@1.0,1,1.0
0.8,cost_first,infra.compute.gpu,replicate/gpu-serverless@1.0,2,0.0
0.8,cost_first,tool.communication.email,resend/email-api@v1,1,1.0
0.8,cost_first,tool.communication.email,twilio/sendgrid@v3,2,0.0
0.8,quality_first,tool.productivity.spreadsheet,google/sheets-api@v4,1,1.0
0.8,quality_first,tool.productivity.spreadsheet,airtable/api@v1,2,0.0
0.8,quality_first,ai.llm.chat,minimax/m2.7@2.7,1,0.7873
0.8,quality_first,ai.llm.chat,openai/gpt-4o@2024-11-20,2,0.6659
0.8,quality_first,ai.llm.chat,anthropic/claude-sonnet-4@4.0,3,0.5677
0.8,quality_first,ai.llm.chat,google/gemini-2.5-pro@2.5,4,0.546
0.8,quality_first,ai.llm.chat,deepseek/deepseek-v4-flash@4.0,5,0.5293
0.8,quality_first,ai.llm.chat,qwen/qwen3-max@3.0,6,0.4678
0.8,quality_first,ai.llm.chat,zhipu/glm-5@5.0,7,0.4625
0.8,quality_first,ai.llm.chat,moonshot/kimi-k2.5@2.5,8,0.4259
0.8,quality_first,ai.vision.image_generation,black-forest-labs/flux-1.1-pro@1.1,1,0.9968
0.8,quality_first,ai.vision.image_generation,google/imagen-3@3.0,2,0.2797
0.8,quality_first,ai.vision.image_generation,openai/dall-e-3@3.0,3,0.0032
0.8,quality_first,tool.automation.browser,steel/browser@v1,1,0.9949
0.8,quality_first,tool.automation.browser,browserbase/api@v1,2,0.0051
0.8,quality_first,tool.devops.ci,github/actions@v2,1,0.8259
0.8,quality_first,tool.devops.ci,circleci/cloud@v2,2,0.1741
0.8,quality_first,ai.code.completion,github/copilot@v1,1,1.0
0.8,quality_first,ai.code.completion,cursor/editor@v1,2,0.0
0.8,quality_first,ai.audio.stt,deepgram/nova@v2,1,1.0
0.8,quality_first,ai.audio.stt,openai/whisper@v1,2,0.0
0.8,quality_first,ai.nlp.translation,google/translate@v3,1,1.0
0.8,quality_first,ai.nlp.translation,deepl/translate@v2,2,0.0
0.8,quality_first,tool.communication.chat,discord/api@v10,1,0.9966
0.8,quality_first,tool.communication.chat,slack/web-api@v2,2,0.0034
0.8,quality_first,ai.audio.tts,openai/tts-1@1.0,1,0.5757
0.8,quality_first,ai.audio.tts,elevenlabs/tts-v2@2.0,2,0.4243
0.8,quality_first,tool.data.search,tavily/search-api@v1,1,0.6015
0.8,quality_first,tool.data.search,exa/search-api@v1,2,0.3985
0.8,quality_first,tool.data.scraping,jina/reader@v1,1,0.9991
0.8,quality_first,tool.data.scraping,firecrawl/scrape@v1,2,0.0009
0.8,quality_first,tool.devops.deployment,vercel/platform@v1,1,1.0
0.8,quality_first,tool.devops.deployment,fly/machines@v1,2,0.0
0.8,quality_first,tool.productivity.todo,todoist/api@v2,1,0.8911
0.8,quality_first,tool.productivity.todo,ticktick/api@v2,2,0.6608
0.8,quality_first,tool.productivity.todo,google/tasks-api@v1,3,0.0021
0.8,quality_first,ai.video.generation,kuaishou/kling-3.0@3.0,1,0.6769
0.8,quality_first,ai.video.generation,google/veo-3.1@3.1,2,0.3231
0.8,quality_first,infra.database.postgres,neon/serverless-postgres@v1,1,1.0
0.8,quality_first,infra.database.postgres,supabase/database@v2,2,0.0
0.8,quality_first,ai.llm.embedding,openai/text-embedding-3-large@3.0,1,0.8629
0.8,quality_first,ai.llm.embedding,voyageai/voyage-3-large@3.0,2,0.1371
0.8,quality_first,infra.database.vector,qdrant/cloud@v1,1,0.9988
0.8,quality_first,infra.database.vector,pinecone/index@v3,2,0.0012
0.8,quality_first,infra.compute.gpu,runpod/gpu-serverless@1.0,1,1.0
0.8,quality_first,infra.compute.gpu,replicate/gpu-serverless@1.0,2,0.0
0.8,quality_first,tool.communication.email,resend/email-api@v1,1,1.0
0.8,quality_first,tool.communication.email,twilio/sendgrid@v3,2,0.0
0.8,speed_first,tool.productivity.spreadsheet,google/sheets-api@v4,1,1.0
0.8,speed_first,tool.productivity.spreadsheet,airtable/api@v1,2,0.0
0.8,speed_first,ai.llm.chat,deepseek/deepseek-v4-flash@4.0,1,0.8711
0.8,speed_first,ai.llm.chat,openai/gpt-4o@2024-11-20,2,0.6982
0.8,speed_first,ai.llm.chat,minimax/m2.7@2.7,3,0.6979
0.8,speed_first,ai.llm.chat,qwen/qwen3-max@3.0,4,0.6277
0.8,speed_first,ai.llm.chat,anthropic/claude-sonnet-4@4.0,5,0.5448
0.8,speed_first,ai.llm.chat,zhipu/glm-5@5.0,6,0.5265
0.8,speed_first,ai.llm.chat,moonshot/kimi-k2.5@2.5,7,0.3674
0.8,speed_first,ai.llm.chat,google/gemini-2.5-pro@2.5,8,0.2323
0.8,speed_first,ai.vision.image_generation,black-forest-labs/flux-1.1-pro@1.1,1,0.9982
0.8,speed_first,ai.vision.image_generation,google/imagen-3@3.0,2,0.4797
0.8,speed_first,ai.vision.image_generation,openai/dall-e-3@3.0,3,0.0018
0.8,speed_first,tool.automation.browser,steel/browser@v1,1,0.9984
0.8,speed_first,tool.automation.browser,browserbase/api@v1,2,0.0016
0.8,speed_first,tool.devops.ci,circleci/cloud@v2,1,0.5259
0.8,speed_first,tool.devops.ci,github/actions@v2,2,0.4741
0.8,speed_first,ai.code.completion,github/copilot@v1,1,1.0
0.8,speed_first,ai.code.completion,cursor/editor@v1,2,0.0
0.8,speed_first,ai.audio.stt,deepgram/nova@v2,1,1.0
0.8,speed_first,ai.audio.stt,openai/whisper@v1,2,0.0
0.8,speed_first,ai.nlp.translation,google/translate@v3,1,1.0
0.8,speed_first,ai.nlp.translation,deepl/translate@v2,2,0.0
0.8,speed_first,tool.communication.chat,discord/api@v10,1,0.9992
0.8,speed_first,tool.communication.chat,slack/web-api@v2,2,0.0008
0.8,speed_first,ai.audio.tts,openai/tts-1@1.0,1,0.6073
0.8,speed_first,ai.audio.tts,elevenlabs/tts-v2@2.0,2,0.3927
0.8,speed_first,tool.data.search,exa/search-api@v1,1,0.5371
0.8,speed_first,tool.data.search,tavily/search-api@v1,2,0.4629
0.8,speed_first,tool.data.scraping,jina/reader@v1,1,0.9997
0.8,speed_first,tool.data.scraping,firecrawl/scrape@v1,2,0.0003
0.8,speed_first,tool.devops.deployment,vercel/platform@v1,1,1.0
0.8,speed_first,tool.devops.deployment,fly/machines@v1,2,0.0
0.8,speed_first,tool.productivity.todo,todoist/api@v2,1,0.9836
0.8,speed_first,tool.productivity.todo,ticktick/api@v2,2,0.6257
0.8,speed_first,tool.productivity.todo,google/tasks-api@v1,3,0.0005
0.8,speed_first,ai.video.generation,kuaishou/kling-3.0@3.0,1,0.5357
0.8,speed_first,ai.video.generation,google/veo-3.1@3.1,2,0.4643
0.8,speed_first,infra.database.postgres,neon/serverless-postgres@v1,1,1.0
0.8,speed_first,infra.database.postgres,supabase/database@v2,2,0.0
0.8,speed_first,ai.llm.embedding,openai/text-embedding-3-large@3.0,1,0.9783
0.8,speed_first,ai.llm.embedding,voyageai/voyage-3-large@3.0,2,0.0217
0.8,speed_first,infra.database.vector,qdrant/cloud@v1,1,0.9997
0.8,speed_first,infra.database.vector,pinecone/index@v3,2,0.0003
0.8,speed_first,infra.compute.gpu,runpod/gpu-serverless@1.0,1,1.0
0.8,speed_first,infra.compute.gpu,replicate/gpu-serverless@1.0,2,0.0
0.8,speed_first,tool.communication.email,resend/email-api@v1,1,1.0
0.8,speed_first,tool.communication.email,twilio/sendgrid@v3,2,0.0
0.8,balanced,tool.productivity.spreadsheet,google/sheets-api@v4,1,1.0
0.8,balanced,tool.productivity.spreadsheet,airtable/api@v1,2,0.0
0.8,balanced,ai.llm.chat,minimax/m2.7@2.7,1,0.8893
0.8,balanced,ai.llm.chat,deepseek/deepseek-v4-flash@4.0,2,0.8245
0.8,balanced,ai.llm.chat,qwen/qwen3-max@3.0,3,0.7663
0.8,balanced,ai.llm.chat,zhipu/glm-5@5.0,4,0.7646
0.8,balanced,ai.llm.chat,moonshot/kimi-k2.5@2.5,5,0.7216
0.8,balanced,ai.llm.chat,google/gemini-2.5-pro@2.5,6,0.4538
0.8,balanced,ai.llm.chat,openai/gpt-4o@2024-11-20,7,0.384
0.8,balanced,ai.llm.chat,anthropic/claude-sonnet-4@4.0,8,0.239
0.8,balanced,ai.vision.image_generation,black-forest-labs/flux-1.1-pro@1.1,1,0.9934
0.8,balanced,ai.vision.image_generation,google/imagen-3@3.0,2,0.35
0.8,balanced,ai.vision.image_generation,openai/dall-e-3@3.0,3,0.0066
0.8,balanced,tool.automation.browser,steel/browser@v1,1,0.997
0.8,balanced,tool.automation.browser,browserbase/api@v1,2,0.003
0.8,balanced,tool.devops.ci,circleci/cloud@v2,1,0.5033
0.8,balanced,tool.devops.ci,github/actions@v2,2,0.4967
0.8,balanced,ai.code.completion,github/copilot@v1,1,1.0
0.8,balanced,ai.code.completion,cursor/editor@v1,2,0.0
0.8,balanced,ai.audio.stt,deepgram/nova@v2,1,1.0
0.8,balanced,ai.audio.stt,openai/whisper@v1,2,0.0
0.8,balanced,ai.nlp.translation,google/translate@v3,1,1.0
0.8,balanced,ai.nlp.translation,deepl/translate@v2,2,0.0
0.8,balanced,tool.communication.chat,discord/api@v10,1,0.9955
0.8,balanced,tool.communication.chat,slack/web-api@v2,2,0.0045
0.8,balanced,ai.audio.tts,openai/tts-1@1.0,1,0.8587
0.8,balanced,ai.audio.tts,elevenlabs/tts-v2@2.0,2,0.1413
0.8,balanced,tool.data.search,tavily/search-api@v1,1,0.8238
0.8,balanced,tool.data.search,exa/search-api@v1,2,0.1762
0.8,balanced,tool.data.scraping,jina/reader@v1,1,0.9995
0.8,balanced,tool.data.scraping,firecrawl/scrape@v1,2,0.0005
0.8,balanced,tool.devops.deployment,vercel/platform@v1,1,1.0
0.8,balanced,tool.devops.deployment,fly/machines@v1,2,0.0
0.8,balanced,tool.productivity.todo,todoist/api@v2,1,0.9363
0.8,balanced,tool.productivity.todo,ticktick/api@v2,2,0.637
0.8,balanced,tool.productivity.todo,google/tasks-api@v1,3,0.0029
0.8,balanced,ai.video.generation,kuaishou/kling-3.0@3.0,1,0.8635
0.8,balanced,ai.video.generation,google/veo-3.1@3.1,2,0.1365
0.8,balanced,infra.database.postgres,neon/serverless-postgres@v1,1,1.0
0.8,balanced,infra.database.postgres,supabase/database@v2,2,0.0
0.8,balanced,ai.llm.embedding,openai/text-embedding-3-large@3.0,1,0.944
0.8,balanced,ai.llm.embedding,voyageai/voyage-3-large@3.0,2,0.056
0.8,balanced,infra.database.vector,qdrant/cloud@v1,1,0.9984
0.8,balanced,infra.database.vector,pinecone/index@v3,2,0.0016
0.8,balanced,infra.compute.gpu,runpod/gpu-serverless@1.0,1,1.0
0.8,balanced,infra.compute.gpu,replicate/gpu-serverless@1.0,2,0.0
0.8,balanced,tool.communication.email,resend/email-api@v1,1,1.0
0.8,balanced,tool.communication.email,twilio/sendgrid@v3,2,0.0
1.0,cost_first,tool.productivity.spreadsheet,google/sheets-api@v4,1,1.0
1.0,cost_first,tool.productivity.spreadsheet,airtable/api@v1,2,0.0
1.0,cost_first,ai.llm.chat,minimax/m2.7@2.7,1,0.9633
1.0,cost_first,ai.llm.chat,deepseek/deepseek-v4-flash@4.0,2,0.905
1.0,cost_first,ai.llm.chat,zhipu/glm-5@5.0,3,0.876
1.0,cost_first,ai.llm.chat,moonshot/kimi-k2.5@2.5,4,0.871
1.0,cost_first,ai.llm.chat,qwen/qwen3-max@3.0,5,0.8475
1.0,cost_first,ai.llm.chat,google/gemini-2.5-pro@2.5,6,0.6269
1.0,cost_first,ai.llm.chat,openai/gpt-4o@2024-11-20,7,0.2127
1.0,cost_first,ai.llm.chat,anthropic/claude-sonnet-4@4.0,8,0.1068
1.0,cost_first,ai.vision.image_generation,black-forest-labs/flux-1.1-pro@1.1,1,0.9953
1.0,cost_first,ai.vision.image_generation,google/imagen-3@3.0,2,0.2891
1.0,cost_first,ai.vision.image_generation,openai/dall-e-3@3.0,3,0.0047
1.0,cost_first,tool.automation.browser,steel/browser@v1,1,0.9991
1.0,cost_first,tool.automation.browser,browserbase/api@v1,2,0.0009
1.0,cost_first,tool.devops.ci,circleci/cloud@v2,1,0.6864
1.0,cost_first,tool.devops.ci,github/actions@v2,2,0.3136
1.0,cost_first,ai.code.completion,github/copilot@v1,1,1.0
1.0,cost_first,ai.code.completion,cursor/editor@v1,2,0.0
1.0,cost_first,ai.audio.stt,deepgram/nova@v2,1,1.0
1.0,cost_first,ai.audio.stt,openai/whisper@v1,2,0.0
1.0,cost_first,ai.nlp.translation,google/translate@v3,1,1.0
1.0,cost_first,ai.nlp.translation,deepl/translate@v2,2,0.0
1.0,cost_first,tool.communication.chat,discord/api@v10,1,0.9955
1.0,cost_first,tool.communication.chat,slack/web-api@v2,2,0.0045
1.0,cost_first,ai.audio.tts,openai/tts-1@1.0,1,0.9414
1.0,cost_first,ai.audio.tts,elevenlabs/tts-v2@2.0,2,0.0586
1.0,cost_first,tool.data.search,tavily/search-api@v1,1,0.9436
1.0,cost_first,tool.data.search,exa/search-api@v1,2,0.0564
1.0,cost_first,tool.data.scraping,jina/reader@v1,1,0.9999
1.0,cost_first,tool.data.scraping,firecrawl/scrape@v1,2,0.0001
1.0,cost_first,tool.devops.deployment,vercel/platform@v1,1,1.0
1.0,cost_first,tool.devops.deployment,fly/machines@v1,2,0.0
1.0,cost_first,tool.productivity.todo,todoist/api@v2,1,0.8996
1.0,cost_first,tool.productivity.todo,ticktick/api@v2,2,0.6554
1.0,cost_first,tool.productivity.todo,google/tasks-api@v1,3,0.0028
1.0,cost_first,ai.video.generation,kuaishou/kling-3.0@3.0,1,0.9585
1.0,cost_first,ai.video.generation,google/veo-3.1@3.1,2,0.0415
1.0,cost_first,infra.database.postgres,neon/serverless-postgres@v1,1,1.0
1.0,cost_first,infra.database.postgres,supabase/database@v2,2,0.0
1.0,cost_first,ai.llm.embedding,openai/text-embedding-3-large@3.0,1,0.9671
1.0,cost_first,ai.llm.embedding,voyageai/voyage-3-large@3.0,2,0.0329
1.0,cost_first,infra.database.vector,qdrant/cloud@v1,1,0.9984
1.0,cost_first,infra.database.vector,pinecone/index@v3,2,0.0016
1.0,cost_first,infra.compute.gpu,runpod/gpu-serverless@1.0,1,1.0
1.0,cost_first,infra.compute.gpu,replicate/gpu-serverless@1.0,2,0.0
1.0,cost_first,tool.communication.email,resend/email-api@v1,1,1.0
1.0,cost_first,tool.communication.email,twilio/sendgrid@v3,2,0.0
1.0,quality_first,tool.productivity.spreadsheet,google/sheets-api@v4,1,1.0
1.0,quality_first,tool.productivity.spreadsheet,airtable/api@v1,2,0.0
1.0,quality_first,ai.llm.chat,minimax/m2.7@2.7,1,0.7866
1.0,quality_first,ai.llm.chat,openai/gpt-4o@2024-11-20,2,0.6458
1.0,quality_first,ai.llm.chat,anthropic/claude-sonnet-4@4.0,3,0.5762
1.0,quality_first,ai.llm.chat,google/gemini-2.5-pro@2.5,4,0.5739
1.0,quality_first,ai.llm.chat,deepseek/deepseek-v4-flash@4.0,5,0.5245
1.0,quality_first,ai.llm.chat,qwen/qwen3-max@3.0,6,0.4625
1.0,quality_first,ai.llm.chat,zhipu/glm-5@5.0,7,0.4597
1.0,quality_first,ai.llm.chat,moonshot/kimi-k2.5@2.5,8,0.4244
1.0,quality_first,ai.vision.image_generation,black-forest-labs/flux-1.1-pro@1.1,1,0.9968
1.0,quality_first,ai.vision.image_generation,google/imagen-3@3.0,2,0.2797
1.0,quality_first,ai.vision.image_generation,openai/dall-e-3@3.0,3,0.0032
1.0,quality_first,tool.automation.browser,steel/browser@v1,1,0.9949
1.0,quality_first,tool.automation.browser,browserbase/api@v1,2,0.0051
1.0,quality_first,tool.devops.ci,github/actions@v2,1,0.8259
1.0,quality_first,tool.devops.ci,circleci/cloud@v2,2,0.1741
1.0,quality_first,ai.code.completion,github/copilot@v1,1,1.0
1.0,quality_first,ai.code.completion,cursor/editor@v1,2,0.0
1.0,quality_first,ai.audio.stt,deepgram/nova@v2,1,1.0
1.0,quality_first,ai.audio.stt,openai/whisper@v1,2,0.0
1.0,quality_first,ai.nlp.translation,google/translate@v3,1,1.0
1.0,quality_first,ai.nlp.translation,deepl/translate@v2,2,0.0
1.0,quality_first,tool.communication.chat,discord/api@v10,1,0.9966
1.0,quality_first,tool.communication.chat,slack/web-api@v2,2,0.0034
1.0,quality_first,ai.audio.tts,openai/tts-1@1.0,1,0.5757
1.0,quality_first,ai.audio.tts,elevenlabs/tts-v2@2.0,2,0.4243
1.0,quality_first,tool.data.search,tavily/search-api@v1,1,0.6015
1.0,quality_first,tool.data.search,exa/search-api@v1,2,0.3985
1.0,quality_first,tool.data.scraping,jina/reader@v1,1,0.9991
1.0,quality_first,tool.data.scraping,firecrawl/scrape@v1,2,0.0009
1.0,quality_first,tool.devops.deployment,vercel/platform@v1,1,1.0
1.0,quality_first,tool.devops.deployment,fly/machines@v1,2,0.0
1.0,quality_first,tool.productivity.todo,todoist/api@v2,1,0.8911
1.0,quality_first,tool.productivity.todo,ticktick/api@v2,2,0.6608
1.0,quality_first,tool.productivity.todo,google/tasks-api@v1,3,0.0021
1.0,quality_first,ai.video.generation,kuaishou/kling-3.0@3.0,1,0.6769
1.0,quality_first,ai.video.generation,google/veo-3.1@3.1,2,0.3231
1.0,quality_first,infra.database.postgres,neon/serverless-postgres@v1,1,1.0
1.0,quality_first,infra.database.postgres,supabase/database@v2,2,0.0
1.0,quality_first,ai.llm.embedding,openai/text-embedding-3-large@3.0,1,0.8629
1.0,quality_first,ai.llm.embedding,voyageai/voyage-3-large@3.0,2,0.1371
1.0,quality_first,infra.database.vector,qdrant/cloud@v1,1,0.9988
1.0,quality_first,infra.database.vector,pinecone/index@v3,2,0.0012
1.0,quality_first,infra.compute.gpu,runpod/gpu-serverless@1.0,1,1.0
1.0,quality_first,infra.compute.gpu,replicate/gpu-serverless@1.0,2,0.0
1.0,quality_first,tool.communication.email,resend/email-api@v1,1,1.0
1.0,quality_first,tool.communication.email,twilio/sendgrid@v3,2,0.0
1.0,speed_first,tool.productivity.spreadsheet,google/sheets-api@v4,1,1.0
1.0,speed_first,tool.productivity.spreadsheet,airtable/api@v1,2,0.0
1.0,speed_first,ai.llm.chat,deepseek/deepseek-v4-flash@4.0,1,0.8701
1.0,speed_first,ai.llm.chat,minimax/m2.7@2.7,2,0.6966
1.0,speed_first,ai.llm.chat,openai/gpt-4o@2024-11-20,3,0.6795
1.0,speed_first,ai.llm.chat,qwen/qwen3-max@3.0,4,0.625
1.0,speed_first,ai.llm.chat,anthropic/claude-sonnet-4@4.0,5,0.5524
1.0,speed_first,ai.llm.chat,zhipu/glm-5@5.0,6,0.5245
1.0,speed_first,ai.llm.chat,moonshot/kimi-k2.5@2.5,7,0.3657
1.0,speed_first,ai.llm.chat,google/gemini-2.5-pro@2.5,8,0.275
1.0,speed_first,ai.vision.image_generation,black-forest-labs/flux-1.1-pro@1.1,1,0.9982
1.0,speed_first,ai.vision.image_generation,google/imagen-3@3.0,2,0.4797
1.0,speed_first,ai.vision.image_generation,openai/dall-e-3@3.0,3,0.0018
1.0,speed_first,tool.automation.browser,steel/browser@v1,1,0.9984
1.0,speed_first,tool.automation.browser,browserbase/api@v1,2,0.0016
1.0,speed_first,tool.devops.ci,circleci/cloud@v2,1,0.5259
1.0,speed_first,tool.devops.ci,github/actions@v2,2,0.4741
1.0,speed_first,ai.code.completion,github/copilot@v1,1,1.0
1.0,speed_first,ai.code.completion,cursor/editor@v1,2,0.0
1.0,speed_first,ai.audio.stt,deepgram/nova@v2,1,1.0
1.0,speed_first,ai.audio.stt,openai/whisper@v1,2,0.0
1.0,speed_first,ai.nlp.translation,google/translate@v3,1,1.0
1.0,speed_first,ai.nlp.translation,deepl/translate@v2,2,0.0
1.0,speed_first,tool.communication.chat,discord/api@v10,1,0.9992
1.0,speed_first,tool.communication.chat,slack/web-api@v2,2,0.0008
1.0,speed_first,ai.audio.tts,openai/tts-1@1.0,1,0.6073
1.0,speed_first,ai.audio.tts,elevenlabs/tts-v2@2.0,2,0.3927
1.0,speed_first,tool.data.search,exa/search-api@v1,1,0.5371
1.0,speed_first,tool.data.search,tavily/search-api@v1,2,0.4629
1.0,speed_first,tool.data.scraping,jina/reader@v1,1,0.9997
1.0,speed_first,tool.data.scraping,firecrawl/scrape@v1,2,0.0003
1.0,speed_first,tool.devops.deployment,vercel/platform@v1,1,1.0
1.0,speed_first,tool.devops.deployment,fly/machines@v1,2,0.0
1.0,speed_first,tool.productivity.todo,todoist/api@v2,1,0.9836
1.0,speed_first,tool.productivity.todo,ticktick/api@v2,2,0.6257
1.0,speed_first,tool.productivity.todo,google/tasks-api@v1,3,0.0005
1.0,speed_first,ai.video.generation,kuaishou/kling-3.0@3.0,1,0.5357
1.0,speed_first,ai.video.generation,google/veo-3.1@3.1,2,0.4643
1.0,speed_first,infra.database.postgres,neon/serverless-postgres@v1,1,1.0
1.0,speed_first,infra.database.postgres,supabase/database@v2,2,0.0
1.0,speed_first,ai.llm.embedding,openai/text-embedding-3-large@3.0,1,0.9783
1.0,speed_first,ai.llm.embedding,voyageai/voyage-3-large@3.0,2,0.0217
1.0,speed_first,infra.database.vector,qdrant/cloud@v1,1,0.9997
1.0,speed_first,infra.database.vector,pinecone/index@v3,2,0.0003
1.0,speed_first,infra.compute.gpu,runpod/gpu-serverless@1.0,1,1.0
1.0,speed_first,infra.compute.gpu,replicate/gpu-serverless@1.0,2,0.0
1.0,speed_first,tool.communication.email,resend/email-api@v1,1,1.0
1.0,speed_first,tool.communication.email,twilio/sendgrid@v3,2,0.0
1.0,balanced,tool.productivity.spreadsheet,google/sheets-api@v4,1,1.0
1.0,balanced,tool.productivity.spreadsheet,airtable/api@v1,2,0.0
1.0,balanced,ai.llm.chat,minimax/m2.7@2.7,1,0.8898
1.0,balanced,ai.llm.chat,deepseek/deepseek-v4-flash@4.0,2,0.8195
1.0,balanced,ai.llm.chat,zhipu/glm-5@5.0,3,0.7664
1.0,balanced,ai.llm.chat,qwen/qwen3-max@3.0,4,0.7636
1.0,balanced,ai.llm.chat,moonshot/kimi-k2.5@2.5,5,0.7241
1.0,balanced,ai.llm.chat,google/gemini-2.5-pro@2.5,6,0.5756
1.0,balanced,ai.llm.chat,openai/gpt-4o@2024-11-20,7,0.3379
1.0,balanced,ai.llm.chat,anthropic/claude-sonnet-4@4.0,8,0.2458
1.0,balanced,ai.vision.image_generation,black-forest-labs/flux-1.1-pro@1.1,1,0.9934
1.0,balanced,ai.vision.image_generation,google/imagen-3@3.0,2,0.35
1.0,balanced,ai.vision.image_generation,openai/dall-e-3@3.0,3,0.0066
1.0,balanced,tool.automation.browser,steel/browser@v1,1,0.997
1.0,balanced,tool.automation.browser,browserbase/api@v1,2,0.003
1.0,balanced,tool.devops.ci,circleci/cloud@v2,1,0.5033
1.0,balanced,tool.devops.ci,github/actions@v2,2,0.4967
1.0,balanced,ai.code.completion,github/copilot@v1,1,1.0
1.0,balanced,ai.code.completion,cursor/editor@v1,2,0.0
1.0,balanced,ai.audio.stt,deepgram/nova@v2,1,1.0
1.0,balanced,ai.audio.stt,openai/whisper@v1,2,0.0
1.0,balanced,ai.nlp.translation,google/translate@v3,1,1.0
1.0,balanced,ai.nlp.translation,deepl/translate@v2,2,0.0
1.0,balanced,tool.communication.chat,discord/api@v10,1,0.9955
1.0,balanced,tool.communication.chat,slack/web-api@v2,2,0.0045
1.0,balanced,ai.audio.tts,openai/tts-1@1.0,1,0.8587
1.0,balanced,ai.audio.tts,elevenlabs/tts-v2@2.0,2,0.1413
1.0,balanced,tool.data.search,tavily/search-api@v1,1,0.8238
1.0,balanced,tool.data.search,exa/search-api@v1,2,0.1762
1.0,balanced,tool.data.scraping,jina/reader@v1,1,0.9995
1.0,balanced,tool.data.scraping,firecrawl/scrape@v1,2,0.0005
1.0,balanced,tool.devops.deployment,vercel/platform@v1,1,1.0
1.0,balanced,tool.devops.deployment,fly/machines@v1,2,0.0
1.0,balanced,tool.productivity.todo,todoist/api@v2,1,0.9363
1.0,balanced,tool.productivity.todo,ticktick/api@v2,2,0.637
1.0,balanced,tool.productivity.todo,google/tasks-api@v1,3,0.0029
1.0,balanced,ai.video.generation,kuaishou/kling-3.0@3.0,1,0.8635
1.0,balanced,ai.video.generation,google/veo-3.1@3.1,2,0.1365
1.0,balanced,infra.database.postgres,neon/serverless-postgres@v1,1,1.0
1.0,balanced,infra.database.postgres,supabase/database@v2,2,0.0
1.0,balanced,ai.llm.embedding,openai/text-embedding-3-large@3.0,1,0.944
1.0,balanced,ai.llm.embedding,voyageai/voyage-3-large@3.0,2,0.056
1.0,balanced,infra.database.vector,qdrant/cloud@v1,1,0.9984
1.0,balanced,infra.database.vector,pinecone/index@v3,2,0.0016
1.0,balanced,infra.compute.gpu,runpod/gpu-serverless@1.0,1,1.0
1.0,balanced,infra.compute.gpu,replicate/gpu-serverless@1.0,2,0.0
1.0,balanced,tool.communication.email,resend/email-api@v1,1,1.0
1.0,balanced,tool.communication.email,twilio/sendgrid@v3,2,0.0
